address,symbol,name,chain,rise_hours,price_roc,volume_roc,holder_roc,ath,holders_at_ath,decay_hours,holder_decay_roc,price_decay_roc,total_hours,rise_pct,max_holders,mcap_at_end,start_idx,ath_idx,end_idx,cluster_id,rank
2k8yZaJjf61unHriuqdmvbxe7CUhEYML5kVJDbcotKjU,BFS,BFS,solana,472.0,387598.9017286017,114895.29086856976,293.5381355932203,183046681.6159,138550.0,73.0,425.54794520547944,-1883120.809060274,545.0,0.8660550458715597,169615.0,45578862.5545,1,473,546,5,6
8xHAL531iDVW9S2xsrWAFFEr1Yz71rR7RL7qPWGgBAGS,TOILET,The Toilet,solana,57.0,44019.925500000005,85114.47108651648,41.50877192982456,2609135.7535,2838.0,108.0,-1.5925925925925926,-17323.431496296296,165.0,0.34545454545454546,2971.0,738205.1519,7,64,172,5,6
CV38eqqRKfhvqZ5yyuwuNFGTfof1wYvNguJXt2mZDRMj,BEAM,Liora Nuclear Beam,solana,189.0,44801.78281746032,30654.455367043192,55.24338624338624,8567536.9525,11083.0,26.0,47.96153846153846,-234007.45483461538,215.0,0.8790697674418605,12330.0,2483343.1268,0,189,215,5,6
FbmmdcCYHL7WETG89xtWmNFMzQAaQ8Zs9NXVbimibonk,DONT,DisclaimerCoin,solana,8.0,3999018.8663,3472157.40866088,986.375,32092150.9304,10151.0,38.0,29.94736842105263,-595479.3783342105,46.0,0.17391304347826086,13186.0,9463934.5537,1,9,47,5,6
147uk4CFxsppdmKZUAakfLvduo4x459HiJ5Ct6MzJory,MGN,MangaNow,solana,498.0,7299.792744176707,5224.888945028009,2.9016064257028114,3735296.7866,1695.0,34.0,3.4705882352941178,-77095.63153529412,532.0,0.9360902255639098,1989.0,1114045.3144,76,557,591,1,5
VDRcRcMWJM7exwHfVUau1WqAawLXR8tNF2sJP7PaMyg,VDR,Vanguard Digital Reserve,solana,222.0,90783.81901576577,17901.94938448309,29.333333333333332,20254007.8215,6512.0,4.0,-92.25,-3583240.558275,226.0,0.9823008849557522,6523.0,5921045.5884,0,222,226,5,6
0x587cd533f418825521f3a1daa7ccd1e7339a1b07,STARKBOT,StarkBot,base,22.0,15012.076354545454,638.9893971065454,0.0,430265.6798,3048.0,510.0,-0.17254901960784313,-574.7824301960784,532.0,0.041353383458646614,3049.0,137126.6404,0,20,399,4,4
83Z2iQc2BASkFabxeM17WgurDJDTsBUFnr4rX64XBAGS,CLANKER,clanker_world,solana,460.0,3384.304456086956,10444.976640716328,0.6434782608695652,1656780.0498,984.0,376.0,-0.11170212765957446,-3360.9369771276592,836.0,0.5502392344497608,1158.0,393067.7464,5,465,825,1,5
0x852df602530532fb356adf25fbf0f6511b764b07,Dave,Dave the Minion,base,26.0,6243.651923076924,2447.3114567334237,-0.8846153846153846,262334.95,1299.0,273.0,-0.2783882783882784,-673.874728937729,299.0,0.08695652173913043,1322.0,78367.149,0,26,239,4,4
8opvqaWysX1oYbXuTL8PHaoaTiXD69VFYAX4smPebonk,WAR,WAR,solana,1071.0,59310.34475695612,78791.28787720276,76.42763772175537,63621379.2347,81854.0,98.0,36.05102040816327,-634254.2673792858,1169.0,0.9161676646706587,85926.0,1464461.03153,1,1072,1170,1,5
0xf30bf00edd0c22db54c9274b90d2a4c21fc09b07,FELIX,FELIX,base,12.0,328186.03040833335,35537.567989871,2.0833333333333335,4038232.3649,6376.0,275.0,-0.24,-10310.481816363636,287.0,0.041811846689895474,6436.0,1202849.8654,0,12,287,4,4
9S8edqWxoWz5LYLnxWUmWBJnePg35WfdYQp7HQkUpump,GOYIM,Goyim,solana,46.0,181889.3800478261,464618.01059138955,172.34782608695653,8466911.4822,9087.0,25.0,-20.8,-242558.92800400004,71.0,0.647887323943662,9631.0,2402938.2821,3,49,74,5,6
DALddkQK6BWC3fLNbtY3chzWGVTzABYwzkHrvAuupump,FOCUS,FOCUS,solana,14.0,153809.6741,565910.7873339938,249.5,2253335.4374,3854.0,1.0,-3085.0,-2241405.0853000004,15.0,0.9333333333333333,3854.0,11930.3521,8,22,23,2,2
Dwwsv9JyCw3Zxufe7E4YQFX4q9Nf12YzTiPwQHaxpump,LOTUS,Lion Of The United States,solana,5.0,2262394.45118,346859.0483877171,1684.6,11411972.2559,9574.0,1.0,3.0,-8463602.23645,6.0,0.8333333333333334,9577.0,2948370.01945,0,5,6,5,6
0xf27b8ef47842e6445e37804896f1bc5e29381b07,Doppel,Doppel,base,129.0,5895.401860465116,2689.5869033554186,0.1937984496124031,860506.84,1836.0,295.0,-0.13220338983050847,-1426.1074576271185,424.0,0.30424528301886794,1836.0,439805.14,0,127,399,1,5
G9YU3K1MiPTv7Krui5omkPBPP21GChPPE3c9izRKbonk,SAFEMOON,SafeMoon,solana,18.0,33299.88551666666,141070.6689649134,64.5,699397.9393,1837.0,14.0,10.571428571428571,-35560.18743571428,32.0,0.5625,2150.0,201555.3152,3,21,35,5,6
0x17cdcb666b0d2d3c1c1154fbedb1496fbdc554a3,USRX,United States RX,base,6.0,350887.9166666667,192254.2970030815,0.0,2205327.5,0.0,20.0,0.0,-20228.769999999997,26.0,0.23076923076923078,0.0,1800752.1,1,7,27,0,3
2DfBjrPFZjDTiCY6pxchS6aSdUdEpkm7PdqpovHjBAGS,???,Unknown,solana,673.0,1637.9252955423478,7763.875142948896,0.3937592867756315,1202323.7239,919.0,252.0,-0.07936507936507936,-3381.0669500000004,925.0,0.7275675675675676,1126.0,350294.8525,1,674,924,1,5
HTCiQqiJa4e2L7aB5heTVgb2FYJyWDr6XdgsHwr3MpLR,HTC,HTC,solana,22.0,354139.7231818182,85107.63615304136,318.77272727272725,7891073.91,7019.0,59.0,-3.305084745762712,-96386.73681864407,81.0,0.2716049382716049,7767.0,2204256.4377,1,23,82,5,6
8nvuWbvxrabbkEThNoiDMM44nVfP1JuEuVNNCwqQpVTd,DOME,Golden Dome Reserve,solana,79.0,137658.28301392405,12057.937971097088,28.911392405063292,10975004.3581,2376.0,35.0,18.6,-227420.44426857145,114.0,0.6929824561403509,3027.0,3015288.8087,1,80,115,5,6
fH1YDRu48pBwedxhNxTRSLsriqx3ysUntRbKMtkpump,ALIENJAK,Alienjak,solana,5.0,1658054.09902,1822442.1550196887,1126.0,8390270.4951,6407.0,3.0,-103.0,-2243746.485036667,8.0,0.625,6968.0,1659031.03999,0,5,8,2,2
GaGh1vcw8NqArWuuqU2fwfmTUhxmWpnY38QKiZjUZwYM,XMN,XMN,solana,11.0,1520882.077209091,115536.06730263092,157.0,16829702.8493,2883.0,51.0,4.411764705882353,-235827.95766401963,62.0,0.1774193548387097,3721.0,4802477.008435,0,11,62,5,6
NV2RYH954cTJ3ckFUpvfqaQXU4ARqqDH3562nFSpump,PUNCH,パンチ,solana,411.0,113863.1297163017,231320.5017703628,57.941605839416056,46897746.3134,24244.0,121.0,7.289256198347108,-279239.5958735537,532.0,0.7725563909774437,25764.0,13109755.2127,1,412,533,1,5
BzyKa1FGjs2EUpu3GGDibY4xdygn5evAiRboKmETpump,TRENCH,Trenches Game,solana,190.0,10791.222339473685,19247.31604874809,2.2526315789473683,2150332.2445,1494.0,55.0,9.345454545454546,-27387.93791818182,245.0,0.7755102040816326,2320.0,643995.659,0,190,245,1,5
F5tfztTnE4sYsMhZT5KrFpWvHmYSfJZoRjCuxKPbpump,Aliens,Aliens are real,solana,125.0,20749.175121599998,73712.99069240714,32.6,2693646.8902,4887.0,21.0,82.14285714285714,-95222.01992857142,146.0,0.8561643835616438,6891.0,693984.4717,1,126,147,5,6
67ezHLk8PUkjJCXjmmgPbx85VowA52ghfRXa9A8Tpump,GROKIUS,Grokius Maximus,solana,131.0,32655.048022900766,86149.33677612401,43.93129770992366,4377811.291,6313.0,82.0,-2.451219512195122,-37771.552714634156,213.0,0.6150234741784038,6597.0,1280543.9684,0,131,213,5,6
29JU4mA9A66F6GLkdGUwL3rKdBpL8Mw6VZZHb8t8pump,ORANMAMA,オランママ,solana,57.0,13669.979192982457,59261.128177268016,12.526315789473685,879188.814,1129.0,107.0,1.5233644859813085,-5766.245692523364,164.0,0.3475609756097561,1708.0,262200.5249,85,142,249,1,5
5UA32VJrb9ifsvv7y9AhHDPoADTWFDEHbTr4fVPHpump,Djungelskog,Ikea Orangutan,solana,158.0,3663.5519487341776,24930.897053091267,6.082278481012659,678841.2079,1165.0,26.0,0.07692307692307693,-21912.600315384618,184.0,0.8586956521739131,1290.0,109113.5997,50,208,234,1,5
3bzeQJqDPfQQbxJ6VmtMkXyyQEJrj9HS1SMvHR1Hpump,WILSON,Wilson Lo Siento,solana,459.0,1716.152767973856,7679.978850033187,3.4422657952069717,887714.1205,1912.0,40.0,-3.55,-15632.432449999998,499.0,0.9198396793587175,1997.0,262416.8225,129,588,628,1,5
HYhnRdn7nridbDUUcRsd3JtmvMCyKrVDew52CWGtpump,Crabs,Molt Crabs,solana,185.0,10676.985204864864,11974.639011221512,1.3297297297297297,2075242.2629,564.0,107.0,1.158878504672897,-17252.95294485981,292.0,0.6335616438356164,748.0,229176.2978,16,198,302,1,5
HkBWJJiaUW5Kod4HpHWZiGD9PQVipmMiPDgiRPcNpump,crust,Crustafarianism,solana,318.0,11137.035436477989,93415.34825523452,4.6918238993710695,3641577.2688,3639.0,143.0,-0.6923076923076923,-17829.907293706296,461.0,0.6898047722342733,3717.0,1091900.5258,0,318,461,1,5
0x50d2280441372486beecdd328c1854743ebacb07,KellyClaude,KellyClaude,base,64.0,98813.234824375,11254.449294630864,0.765625,6424047.02876,6495.0,238.0,-0.2815126050420168,-18908.16467504202,302.0,0.2119205298013245,6503.0,1923903.8361,0,64,302,4,4
0x9f86db9fc6f7c9408e8fda3ff8ce4e78ac7a6b07,CLAWD,clawd.atg.eth,base,58.0,97120.20248793103,10738.920936692413,2.7413793103448274,5732971.7443,13512.0,341.0,1.5073313782991202,-7853.9545290322585,399.0,0.14536340852130325,14041.0,3054773.2499,0,58,399,4,4
Hh3oTaqDCKKfdBgsQEvxp9sUwyNf8x9qmKqEMLBWpump,HODL,HODL,solana,425.0,14693.22311882353,52172.57354605952,6.741176470588235,6344619.8255,3392.0,313.0,-1.0511182108626198,-14340.410138658146,738.0,0.575880758807588,3487.0,1856071.4521,2,427,740,1,5
4fSWEw2wbYEUCcMtitzmeGUfqinoafXxkhqZrA9Gpump,PIGEON,level941,solana,523.0,17121.783908413,46267.80401764145,10.915869980879542,9054692.9841,6414.0,244.0,-1.6147540983606556,-26534.552469672126,767.0,0.681877444589309,6510.0,2580262.1815,0,523,767,1,5
B6CdHKLm1XRxxgTnK9cNvT3DA75hPc9WUjTkxVUupump,ORAMAMA,ORA MAMA,solana,5.0,172754.17512,271944.34890437196,599.4,963770.8756,3737.0,18.0,127.33333333333333,-39299.551194444444,23.0,0.21739130434782608,6249.0,256378.9541,0,5,23,5,6
8B44ouU62FXkjdChWZWLbuH4g57KSavgYMq9Vpd5pump,RRCH,RageTom Rancher,solana,13.0,1429682.211653846,662361.7991242944,500.61538461538464,18685868.7515,7112.0,6.0,216.33333333333334,-2530383.068366667,19.0,0.6842105263157895,8621.0,3503570.3413,3,16,22,5,6
865GVDdESzXiNvygSUt7yFeJLrXDyn5UpGNfYuxfpump,HENRY,World's Tiniest Penguin,solana,23.0,31299.369217391304,61658.53618236374,32.82608695652174,819885.492,1213.0,77.0,-1.948051948051948,-7662.112983116883,100.0,0.23,1316.0,229902.7923,149,172,249,5,6
48PcWeDHdPXfPe2zpAsMPa3EwZcDRdWLJVfrchRDXL72,OIL,OIL,solana,1195.0,6094103289.273754,358.6032645475818,10.905439330543933,7282453530682.137,13136.0,2.0,-2.0,-3641226597537.596,1197.0,0.9983291562238931,15278.0,335606.9444,0,534,535,3,1
kMKX8hBaj3BTRBbeYix9c16EieBP5dih8DTSSwCpump,afk,afk,solana,477.0,9718.072646121595,13608.10598090786,2.0964360587002098,4735520.6522,1241.0,969.0,0.2889576883384933,-3467.8389620227044,1446.0,0.32987551867219916,1529.0,1375184.698,8,484,1436,1,5
UXM1gBHu1knPsuXA2WkyfQp5oHDVkxaKJADLvX7jS2d,UXM,Universal X Money,solana,46.0,131596.8499471739,11456.825500722847,27.5,6153455.09757,1397.0,11.0,10.818181818181818,-394241.9420336364,57.0,0.8070175438596491,1518.0,1816793.7352,1,47,58,5,6
HaUXAdAWWUkb2WTmh8z1TdaEmZkYjnQnmC6tHUdTAHvi,KIMCHI,Kimchi,solana,5.0,974563.37356,4572843.164470573,1288.4,4972816.8678,8000.0,13.0,32.30769230769231,-279708.70530769235,18.0,0.2777777777777778,8789.0,1336603.6988,0,5,18,5,6
GctXduHnBNzg3uc91EXfCHqm73rNyRAFvxF1BFEDpump,SHRIMP,Shrimp Wilde,solana,1.0,5506627.1233,318525.337478547,32.0,5606627.1233,1209.0,1.0,-1119.0,-5605031.3567,2.0,0.5,1209.0,1595.7666,0,1,2,2,2
5PcE6pcaAdxUTYDf2kqrjjSKKtLwsxPQWamEmqGd7Zib,GROKEN,AI MEME TOKEN,solana,58.0,362849.95932931034,39963.7962613998,457.9655172413793,21145297.6411,26665.0,1.0,-96.0,-20854683.60547,59.0,0.9830508474576272,27888.0,290614.03563,0,57,58,2,2
AVF9F4C4j8b1Kh4BmNHqybDaHgnZpJ7W7yLvL7hUpump,LOBSTAR,Lobstar,solana,33.0,442956.99571515154,840535.4692927393,329.5151515151515,14717580.8586,10874.0,27.0,6.444444444444445,-400169.92911481485,60.0,0.55,11048.0,3912992.7725,0,33,60,5,6
AWpD39myXc7emw5M9cMCofkbo92x5FKWdGHWYpZFdoge,KIMCHI,Kimchicoin,solana,21.0,184240.11551904763,486145.16499499977,125.33333333333333,3969042.4259,4065.0,30.0,23.333333333333332,-93648.78441666668,51.0,0.4117647058823529,5027.0,1159578.8934,2,23,53,5,6
4oERTdtSCns3Zrxv2HJ8fw6Y6rticaRcu8GVGTgXpump,Tastecoin,Tastecoin,solana,10.0,169684.96844,274455.006432028,117.8,1796849.6844,1498.0,21.0,18.61904761904762,-64590.16336666666,31.0,0.3225806451612903,2030.0,440456.2537,7,17,38,5,6
8HGer4vRWZMu5MUYU7ACPb4uanKgBewaXJZscLagpump,Gizmo,Gizmo,solana,50.0,11544.164826,42342.25054021798,9.18,677208.2413,1164.0,23.0,1.0869565217391304,-22126.43672173913,73.0,0.684931506849315,1430.0,168300.1967,6,56,79,5,6
EzcTih5Jvc3Hr2qubECdF5ZFAT5cSUv6jZ4M8VM5uvUD,SKELD,Amongus Skeld,solana,220.0,2056154.2727272727,31045.009364830727,35.945454545454545,452453940.0,7949.0,96.0,155.28125,-3447972.8125,316.0,0.6962025316455697,22856.0,121448550.0,0,210,306,5,6
GDmSzyg3F3CqgusT4CcxhjaKKfaucN98L4EUePeqpump,PETAH,ピータさん,solana,48.0,23058.609608333336,139495.10951141597,47.375,1206813.2612,2928.0,44.0,-3.3181818181818183,-20165.5960925,92.0,0.5217391304347826,3050.0,319527.03313,1,49,93,5,6
EKwF2HD6X4rHHr4322EJeK9QBGkqhpHZQSanSUmWkecG,BIGTROUT,The Big Trout,solana,35.0,210237.83118542857,513002.85072278255,274.1714285714286,7458324.09149,11624.0,40.0,-15.625,-132733.01021225,75.0,0.4666666666666667,12974.0,2149003.683,0,35,75,5,6
61Wj56QgGyyB966T7YsMzEAKRLcMvJpDbPzjkrCZc4Bi,COPPERINU,copper inu,solana,20.0,885227.0355149999,1820606.4732889323,494.4,17804540.7103,11352.0,65.0,-26.56923076923077,-197658.28034769229,85.0,0.23529411764705882,11930.0,4956752.4877,0,20,85,5,6
AjjRMozsBb4RBQZZL2G1dCPpwghVZkbmhnkjdfySpump,GME,GameStop Coin,solana,1.0,4212057.7422,85315.15985739,0.0,4312057.7422,227.0,1.0,-147.0,-4310523.3009,1.0,1.0,227.0,1534.4413,0,0,1,2,2
4FoKkvjz2VUtjJ3k7X5SQs7aBnk4hkkyDsFKZsDGpump,ELOB,Elob Musker,solana,1.0,6330443.7358,335514.64282753,1490.0,6430443.7358,3419.0,1.0,403.0,-6071022.1698,2.0,0.5,3822.0,359421.566,0,1,2,5,6
AEcgrKywgyVkQo7koRnrYjCwRKFA2wxpWsqUk8eSpump,Horse,The Horse,solana,2.0,4951047.41525,236292.795153365,71.0,10002094.8305,1364.0,1.0,-1057.0,-10000541.6943,3.0,0.6666666666666666,1364.0,1553.1362,0,2,3,2,2
2wP76beSJ8NB8bgFEkZkQCGtWErxqkxTYEGjx9jYpump,BOOTSTRAP,Bootstrap,solana,447.0,1928.7750326621924,3499.105051835428,0.5995525727069351,962162.4396,641.0,655.0,-0.1618320610687023,-621.9498152671757,1102.0,0.4056261343012704,648.0,554785.3106,0,425,908,1,5
4j8iBw5REwPjDLGuSgwFc3pfSQ6vVic1RraQQzg4pump,Trumpstein,Trumpstein Files,solana,1.0,4001689.05259,162240.9662218,0.0,4101689.05259,1387.0,1.0,-1284.0,-4100282.29869,1.0,1.0,1387.0,1406.7539,0,0,1,2,2
25E8X8fPnT9AdU1nA78snybnzVxkDvv5rK663Ngrpump,GAS,GAS,solana,23.0,45939.76003043478,191951.45682384114,29.956521739130434,1156614.4807,2336.0,18.0,-21.555555555555557,-52173.542349999996,41.0,0.5609756097560976,2336.0,217490.7184,0,23,41,5,6
y3bqe3vHYQzkpRYD12oWpQkaYGGCjE1Jnu6zFrYpump,TRUMP47,Too Much Winning,solana,1.0,8384231.8289,423103.47232282,111.0,8484231.8289,1481.0,1.0,-1273.0,-8482823.0607,2.0,0.5,1481.0,1408.7682,0,1,2,2,2
D7J3RWmrhHuLdiCJVuTh9bd863nnzDSR7fJwXFPxpump,El Trumpo,Donaldo El Trumpo,solana,9.0,1038596.8150777777,117211.76595197555,17.333333333333332,9447371.3357,1302.0,1.0,-1112.0,-9445772.4854,10.0,0.9,1302.0,1598.8503,0,9,10,2,2
GVxxcKzLE9AK5HhmDBMYnzD6jTvSYuG9LEY2wJUdpump,T1,Trump Mobile,solana,1.0,3769187.9026,125677.10554413,0.0,3869187.9026,1333.0,1.0,1685.0,-3671247.9825,1.0,1.0,3018.0,197939.9201,0,0,1,0,3
GB1o16CBhZHJopR24fdzVYhDpCmwtx34tprsFwFmpump,TRUMP47,Too Much Winning,solana,6.0,2556378.4419666664,306373.6637364034,1109.8333333333333,15438270.6518,8177.0,1.0,-4531.0,-15436327.268299999,7.0,0.8571428571428571,8177.0,1943.3835,0,6,7,2,2
H6qnGp5anYgMJYAaPXKSqKVYa6mKDrn1ruAeK5Dmbonk,SERIOUS,Serious Coin,solana,228.0,12443.694391228071,14253.089842637024,3.206140350877193,2937162.3212,1118.0,108.0,-0.37962962962962965,-19246.04053888889,336.0,0.6785714285714286,1157.0,858589.943,0,228,336,1,5
inxKXw9V2NDZE7hDijzpJaKKUb97NEPJDTCEEiYg4yY,Infinex,INX,solana,3.0,188233.11029999997,232072.1848476533,51.333333333333336,664699.3309,177.0,1460.0,0.1184931506849315,-210.67382486301366,1463.0,0.002050580997949419,353.0,357115.5466,0,3,1456,4,4
6ydMmFRaNt4AHBjgvSogbBvcxnTrX3QzUe2AEzVppump,Pippkin,Pippkin The Horse,solana,143.0,33098.26173776224,51871.12929575956,22.587412587412587,4833051.4285,3876.0,29.0,-6.0344827586206895,-123639.01741034482,172.0,0.8313953488372093,3977.0,1247519.9236,54,197,226,5,6
7tNviT7hyPL8ZBxd68rMZ12TMDyUXmeSpHQruzLepump,BRITAIN,Restore Britain,solana,80.0,24875.72045125,28939.347329712087,10.375,2090057.6361,1318.0,102.0,-0.8137254901960784,-14714.694890196079,182.0,0.43956043956043955,1555.0,589158.7573,28,108,210,1,5
4nURS6qxY9bCEhramG2VZfnphJZyzis5EE86w5qLpump,NoLimit,NoLimitGains,solana,179.0,11169.688244134079,68652.52002951925,17.553072625698324,2099374.1957,3952.0,88.0,-1.9659090909090908,-16721.210277272727,267.0,0.6704119850187266,5611.0,627907.6913,1,180,268,1,5
2VL7wHM8zkSzKQqKrzLAu3ahtThmTNXEaEbCPBEqpump,ORA,OpenClaw root access,solana,1.0,5794909.2238,231091.20390516001,15.0,5894909.2238,6942.0,1.0,-6813.0,-5893284.15219,2.0,0.5,6942.0,1625.07161,0,1,2,2,2
HCnKuRDvhufBcFRW8qLpXmqWB3592AMVerV2C9zCpump,DonTrump,El Don Trump,solana,1.0,4476000.6059,212635.36052873,-1.0,4576000.6059,964.0,1.0,-906.0,-4574639.489,2.0,0.5,965.0,1361.1169,0,1,2,2,2
2qEN1auRh6tysp5ZQT1jwMwD4rbTKT6J7EhRi2hqpump,GME,GameStop Coin,solana,1.0,45524139.3439,410837.96299757,0.0,45624139.3439,1536.0,1.0,757.0,-44721029.6633,1.0,1.0,2293.0,903109.6806,0,0,1,0,3
oBeMrKMEqaLN8hYeuTiHDx91MXTP5zrsuKnhS2Spump,automaton,The Automaton,solana,46.0,40215.88447826087,185366.4974575834,41.41304347826087,1949930.686,2717.0,19.0,-10.421052631578947,-73027.74000526316,65.0,0.7076923076923077,2724.0,562403.6259,1,47,66,5,6
49FrH5NuPtA67FrnGS1omCy5c85LvbGUrM2ujznepump,GameStop,Final Stop GameStop,solana,1.0,6510391.397,51591.63461413,0.0,6610391.397,1808.0,1.0,-1619.0,-6608993.256899999,1.0,1.0,1808.0,1398.1401,0,0,1,2,2
GHXwEFxKNcz7FLgFvYRi1ZAwvKKALdRVUJ8M3Aszmoon,WAR,Western Asset Reserves,solana,737.0,18807.061790230666,19892.51829334723,24.230664857530527,13960804.5394,18096.0,87.0,20.114942528735632,-112871.12135287357,824.0,0.8944174757281553,19866.0,4141016.9817,79,816,903,1,5
8eCAvyfT8mdXR2adGtnr4gnu88vu1c6nu7rPY8Bwpump,ONE,ONE PIECE UNIVERSE,solana,4.0,14229841.791275,262486.12421709497,1709.25,57019367.1651,8267.0,1.0,-3621.0,-57016819.872600004,5.0,0.8,8267.0,2547.2925,0,4,5,2,2
FGiXuZTn46bA1BeMoY4dtF2txqn3aHgCohtM78vjtAq,MOSS,Moss Y. Gravel,solana,1.0,1817380.02549,4112188.26851783,0.0,1917380.02549,2927.0,20.0,14.25,-67658.09950649999,20.0,0.05,3559.0,564218.03536,0,0,20,5,6
0xa53887f7e7c1bf5010b8627f1c1ba94fe7a5d6e0,RNBW,Rainbow,base,24.0,883339.2835958333,5985.014877521667,0.08333333333333333,21300142.8063,27747.0,385.0,0.0025974025974025974,-12087.616544155844,409.0,0.05867970660146699,27748.0,16646410.4368,0,24,399,4,4
4YoPNWJVPeUZqxK9aQPzRCzEq2Q2LCbfpHvniRrV9MyK,HAM,Hamiboom,solana,232.0,562880.8085594828,16019.884777786992,35.78879310344828,130688347.5858,8324.0,38.0,197.47368421052633,-2572354.3649894735,270.0,0.8592592592592593,15828.0,32938881.7162,0,232,270,5,6
8jiVXftnn2ZG6bugK7HAH5j2G3D6TpsG521gqsWwpump,AUTISM,Autism Coin,solana,190.0,22050.34056157895,92100.66932073816,46.16842105263158,4289564.7067,9001.0,46.0,-14.347826086956522,-65346.34248913043,236.0,0.8050847457627118,9218.0,1283632.9522,0,190,236,5,6
E4vqY66ytQr8EHvybfYx3qYT89GPB64DVAs8vzhG1egg,EGG,Mutable Egg,solana,27.0,293465.8676148148,49839.821266297215,68.03703703703704,8023578.4256,2157.0,643.0,-0.6080870917573873,-7209.014376049766,670.0,0.04029850746268657,2183.0,3388182.1818,0,27,235,4,4
GB8KtQfMChhYrCYtd5PoAB42kAdkHnuyAincSSmFpump,PIGEON,Pigeon Doctor,solana,39.0,116123.95856153846,200400.12432473278,84.58974358974359,4628834.3839,3668.0,52.0,10.288461538461538,-68011.21516730769,91.0,0.42857142857142855,4518.0,1092251.1952,15,54,106,5,6
DyXdJSn99qWnuxrT6Y9WRkPnhizT9m4XEDzTBgNGpump,GME,GameStop Coin,solana,1.0,11794375.671,113461.3409516,0.0,11894375.671,1182.0,1.0,-1082.0,-11892868.1542,1.0,1.0,1182.0,1507.5168,0,0,1,2,2
2QKrBtNECja4cJygxA7igwqxahs93GNmuQ2We2stpump,MACMINI,Mac mini,solana,174.0,35454.67538850575,71585.24584033251,8.545977011494253,6269113.5176,2235.0,314.0,-1.643312101910828,-14658.505365923565,488.0,0.35655737704918034,2302.0,1666342.8327,1,175,486,1,5
AWGCDT2gd8JadbYbYyZy1iKxfWokPNgrEQoU24zUpump,Clude,CLUDE,solana,3.0,1021395.3048333334,1105934.661242322,520.6666666666666,3164185.9145,2635.0,16.0,51.6875,-141541.6732875,19.0,0.15789473684210525,3649.0,899519.1419,0,3,19,5,6
E2HNWS5L6gwmtC9SZPpRq6Yp3V5gzotFrL3dAEP2pump,BUCKARU,BUCKARU,solana,44.0,10788.335593181819,112485.24437913718,-12.045454545454545,574686.7661,1281.0,24.0,-8.25,-16884.335325,68.0,0.6470588235294118,1811.0,169462.7183,0,44,68,1,5
8qnigEij67UBLjMgbZFDnGkkdwhSkoWCKquETq4qpump,GameStop,Final Stop GameStop,solana,1.0,8920377.6662,68441.72919041,0.0,9020377.6662,1093.0,1.0,-1009.0,-9018878.4604,1.0,1.0,1093.0,1499.2058,0,0,1,2,2
h11bCiMTybZsStCDaeuTrH3DqraJrn5w9F9AKDaAADR,ADR,American Dollar Reserve,solana,705.0,22293.023023404254,7080.173034633864,16.919148936170213,15816581.2315,12119.0,2.0,113.5,-6026908.35255,707.0,0.9971711456859972,12346.0,3762764.5264,0,657,659,1,5
H4F6SXc3ss82ZABZopieaBdj3qQsJJpWj5PTDz4Tpump,GameStop,Final Stop GameStop,solana,1.0,11937634.7738,348613.088975522,0.0,12037634.7738,1159.0,1.0,1979.0,-11316547.9977,1.0,1.0,3138.0,721086.7761,0,0,1,0,3
5yC9BM8KUsJTPbWPLfA2N8qH1s9V8DQ3Vcw1G6Jdpump,AgenC,AgenC,solana,9.0,465173.89577333326,844802.0953092315,263.6666666666667,4286565.06196,4218.0,36.0,-18.63888888888889,-84926.51029055555,45.0,0.2,4235.0,1229210.6915,0,9,45,5,6
739dnZEG4yaBWFsY8L8ZwrfhGG6dhtCSercW8Umspump,CLAW,clawpump.tech,solana,1.0,4363725.6823,2100915.31763023,0.0,4463725.6823,1629.0,19.0,-11.894736842105264,-171269.72431578947,19.0,0.05263157894736842,1629.0,1209600.9203,0,0,19,5,6
7CWLxXfjRZ8WP8HVWBSHoti9pVP9FfN5UwZ71JyXpump,Limited,Limited Coin,solana,16.0,98685.7836125,75538.69012685627,8.875,1678972.5378,1085.0,8.0,62.375,-157622.12443750002,24.0,0.6666666666666666,1584.0,417995.5423,2,18,26,5,6
HHf2VfXSPUVqQth6tXypfdUX2vawCiVKfkbAX4CJpump,MAXIS,Axis,solana,411.0,1721.4456265206811,7345.428293679744,-0.6155717761557178,807514.1525,1083.0,431.0,-0.025522041763341066,-1355.8323167053363,842.0,0.48812351543942994,1336.0,223150.424,0,408,839,1,5
4PJLAHpXNRRaGooncS9kJaVncgVKefVqTZTt59iupump,SHRIMP,Shrimp Wilde,solana,1.0,1671208.8841,712658.13765766,0.0,1771208.8841,2181.0,1.0,-2073.0,-1769462.4943,1.0,1.0,2181.0,1746.3898,0,0,1,2,2
H7noGdq7WnvbfdgnZzwYtRdZFCADe5rivUjuiofKpump,RETURN,Return to traditions,solana,31.0,27523.207958064515,70621.53354718364,20.0,953219.4467,1503.0,2.0,-371.5,-474524.204675,33.0,0.9393939393939394,1524.0,4171.03735,2,33,35,2,2
AX9D7Nqtu3enaeL4ELxoagsNV7AyEQEhK2ziwiyJpump,PMPR,PmprBot,solana,22.0,39319.72699545455,135937.61912102587,95.45454545454545,965033.9939,3026.0,42.0,-10.80952380952381,-16453.625652380953,64.0,0.34375,3026.0,273981.7165,2,24,66,5,6
EoP9nKZMtTFTWVjkJVJEQQXAgWoFZwgVgoKspkrVpump,Chud,The Life of a Chud,solana,90.0,12558.528352222222,49870.710602800296,7.933333333333334,1230267.5517,1267.0,22.0,15.363636363636363,-42667.34388636364,112.0,0.8035714285714286,1610.0,291585.9862,2,92,114,1,5
USRX8A1BNVzPSWt9tXA1ZjeMWWnpsWktdhueCBDZAjS,USRX,United States RX,solana,45.0,162426.7560662222,20258.83402806486,44.28888888888889,7409204.02298,2011.0,11.0,-6.0,-516058.73565272725,56.0,0.8035714285714286,2038.0,1732557.9308,0,45,56,5,6
8qMFktkVQrkWVaCV1RayyXhsVYQrT7k34MU5GYGJpump,PunchBF,Punch Best Friends,solana,1.0,1081313.6376,1920643.11807977,658.0,1181313.6376,1330.0,2.0,-236.5,-585844.61695,3.0,0.3333333333333333,1491.0,9624.4037,0,1,3,2,2
Duxeg8HrG89Dq95oyiydrnFd8irZhjApGZu8PYrEpump,DATACLAW,DataClaw,solana,6.0,243186.86285,622115.7359639968,320.1666666666667,1559121.1771,2748.0,8.0,2.5,-136635.3105,14.0,0.42857142857142855,2810.0,466038.6931,4,10,18,5,6
BVdMM5Fd7MxcTExnokXZzmCtiLvd2Es5zZQqRLNmrzSy,ROSCLAW,RosClaw,solana,55.0,21626.66074909091,62162.54278510098,15.036363636363637,1289466.3412,1394.0,22.0,-7.318181818181818,-41085.7736090909,77.0,0.7142857142857143,1394.0,385579.3218,4,59,81,5,6
21CnrFRqvEVkQZUTFmTXjcsJTLZhRY51ohoaCPwRpump,DOG,The Crypto Dog,solana,136.0,13459.636472794118,91920.12495054552,20.683823529411764,1930510.5603,4643.0,124.0,-4.806451612903226,-10948.797506451614,260.0,0.5230769230769231,7384.0,572859.6695,0,136,260,1,5
7nePAcJhg88s1KFJptgaBvzYgHaUDzddgU65Etvtpump,NIRE,NotInRetardEducation,solana,26.0,171497.17098846153,1197607.0836883401,265.15384615384613,4558926.4457,7495.0,8.0,-47.625,-437514.16275,34.0,0.7647058823529411,8602.0,1058813.1437,0,26,34,5,6
2akXpuyFXAVN5YofZpZMfBp2Vxognpmv9NooBMuHpump,ELON,Elon Coin,solana,4.0,2725446.60355,7837705.784709476,1983.0,11001786.4142,14711.0,12.0,355.25,-661739.4093666667,16.0,0.25,19153.0,3060913.5018,1,5,17,5,6
EXrBNZPC9z8pGgTJFPLRJqvEVoqaPteQMkSgRQfWpump,Punch-ku, Punch-kun パンチくん,solana,1.0,1208010.619,301351.858521767,1283.0,1308010.619,4333.0,2.0,44.0,-573203.4976,3.0,0.3333333333333333,4446.0,161603.6238,4,5,7,5,6
CjCi8UzLTTRZEbap3VYggkggY97n2DicmSc1vrsJpump,MMC,Mac Mini Club,solana,1.0,4054780.9991,94821.81136076,0.0,4154780.9991,838.0,1.0,-804.0,-4153196.5068,1.0,1.0,838.0,1584.4923,0,0,1,2,2
3o28iKESnNvi7xQcPTxg9aczjzqZN6BzugJFMRHYpump,DARWIN,IKEA Monkey,solana,26.0,31922.44528846154,67703.75563325439,21.076923076923077,929983.5775,1460.0,8.0,17.0,-100827.6401125,34.0,0.7647058823529411,1673.0,123362.4566,0,26,34,5,6
FWoGYRhR6YagBSqncPSdn43GHNikSPw1ggrGzyM3H5rE,COW,PerpetualCow.hl,solana,51.0,85708.08351372549,36358.8123529492,37.588235294117645,4471112.2592,1918.0,99.0,0.696969696969697,-33441.67788383839,150.0,0.34,1989.0,1160386.1487,0,51,150,5,6
9rkLxgCAZwG8ksY3FccZpD9qzWa6nxwUqTTWTdoKpump,BLOB,Albino Lobster Wilde,solana,4.0,1565881.305925,359384.31908072246,52.5,6363525.2237,2245.0,1.0,197.0,-5444831.8444,5.0,0.8,2442.0,918693.3793,0,4,5,5,6
5QNERsio99pRz87AWZo8WUiXrVrriGWryyxNHUC3bbR6,USAOIL,TRUMP OIL,solana,3.0,58995.642700000004,2959434.9956906806,538.3333333333334,276986.9281,4835.0,3.0,-1587.3333333333333,-92275.09850000001,6.0,0.5,4835.0,161.6326,2,5,8,2,2
9MS4ptpnnJhBsWYShPw1tP1ykAmwEmkPXP9aLVpwpump,Slurmit,Slurmit The Frog,solana,34.0,35810.22403235294,145126.70281568114,46.588235294117645,1317547.6171,2533.0,18.0,-10.277777777777779,-51443.71426666666,52.0,0.6538461538461539,2539.0,391560.7603,1,35,53,5,6
0xe8697880a464ac5b6de1f15e0187055e6d6731c4,Alfred,Alfred,base,33.0,13599.415757575756,88047.03489619802,0.0,548780.72,0.0,26.0,0.0,-14374.464230769228,59.0,0.559322033898305,0.0,175044.65,0,14,31,0,3
LWPihkg8SWDiAzG5TXAsgQuJeSZ3cXem1VStNX8PLAY,CAPYSIM,Capybara Simulator Playcoin,solana,24.0,20975.881616666666,74208.60962332891,38.5,603421.1588,1531.0,25.0,4.28,-17281.223952,49.0,0.4897959183673469,1805.0,171390.56,5,29,54,5,6
BtASu8q6NU6gs1n4pEdD89c71FLRJHx6oak15y8Fpump,AXIOMGATE,AXIOMGATE,solana,10.0,212662.97483000002,115774.069257858,31.7,2226629.7483,1405.0,1.0,-1155.0,-2224904.9493,11.0,0.9090909090909091,1409.0,1724.799,0,10,11,2,2
f8MdBm3vfXfMjobVq58Fe5hsjcC8iBfCrZST2FRbcjY,AgenC,AgenC,solana,2.0,144565.3641,3367559.8688022387,-102.0,389130.7282,4261.0,1.0,-3938.0,-379147.7454,3.0,0.6666666666666666,4465.0,9982.9828,3,5,6,2,2
BhFhSiozXfoRCxq2DsCH55QaJ4kyY4ia3epfSPFEpump,JaneStreet,Jane Street,solana,14.0,9217681.916778572,118702.90448540049,141.64285714285714,129147546.8349,3188.0,1.0,-123.0,-128994484.79413001,15.0,0.9333333333333333,3188.0,153062.04077,0,14,15,2,2
HyLXondhNhGkvWPXr8z4EPSgZNRRs4j8BHdyqMdVpump,MOLT,Monkey Cult,solana,722.0,11673.13969930748,3441.2567385400494,7.38781163434903,8528006.8629,5652.0,256.0,0.92578125,-21844.57756121875,978.0,0.7382413087934561,6013.0,2935795.007228,1,711,967,1,5
4btUt5tQrN9MSfiHzZMdHf2ognjQZrWErjSJ9aiApump,SINGULARITY,The Singularity,solana,621.0,1355.4147660225442,6557.690623026515,0.7971014492753623,941712.5697,890.0,157.0,-0.4012738853503185,-4208.625405095541,778.0,0.7982005141388174,974.0,280958.3811,19,635,792,1,5
412zDygnwP9DzitnQVgRKUFFTDmrYScFch6P2k39pump,JELLYBEAN,Jellybean,solana,372.0,18498.72891236559,25548.403658789117,11.561827956989248,6981527.1554,5592.0,30.0,27.0,-181908.95906999998,402.0,0.9253731343283582,7369.0,1524258.3833,1,373,403,1,5
nn944oFMxsHg9AnEuBHWxtBpGjRX3DRxx86PseuDrPJ,Valeo,Valeo,solana,523.0,3352.96726998088,4370.03415216403,0.6462715105162524,1853601.8822,647.0,373.0,-0.01876675603217158,-3546.265958176944,896.0,0.5837053571428571,716.0,530844.6798,0,522,894,1,5
FYefkNfSDDgph16nz3CLYQU6LDgeUe2716MzQ9kfpump,JellyAura,Jellybean Aura,solana,1.0,692692.6009,1745006.2414000803,475.0,792692.6009,1024.0,1.0,115.0,-667467.4556999999,2.0,0.5,1139.0,125225.1452,0,1,2,5,6
tiZt3pcUPpXoJeqNqPYENpzuX4eGMvrQMW372JQpump,nextape,nextape,solana,2.0,895790.8824,3778707.9958107746,471.0,1891581.7648,5107.0,2.0,-903.5,-910993.9439,4.0,0.5,5107.0,69593.877,1,3,5,2,2
J8PSdNP3QewKq2Z1JJJFDMaqF7KcaiJhR7gbr5KZpump,TRIPLET,Tung Tung Tung Sahur,solana,390.0,6858.913156153847,13157.116032162337,-0.015384615384615385,2774976.1309,4433.0,9.0,0.0,-49600.9442777778,399.0,0.9774436090225563,4443.0,2328567.6324,0,390,399,1,5
v8ic5ww8fy6ejkq4Cr5CVpYnstaXjMsRGJZSWn5SS1t,Pombon,Pombon,solana,3.0,375223.21193333337,1115583.5421003366,330.3333333333333,1225669.6358,2572.0,18.0,47.833333333333336,-49214.156711111114,21.0,0.14285714285714285,3793.0,339814.815,0,3,21,5,6
CCgH8T82ABC7Krg4bR4Jj2yotiDQdzk3yg6GLLUApump,LOLO,Elote,solana,107.0,5141.924839252336,2150.9257404669625,1.1214953271028036,650185.9578,409.0,121.0,3.809917355371901,-3779.195556198347,228.0,0.4692982456140351,909.0,192903.2955,243,350,471,1,5
FkQFtZRD2iBCwcPSUkNASWJSAdjbJ92Q1GVomd5Gpump,TRUMP2,CAN’T STOP WINNING,solana,1.0,5307729.8213,1622007.81713035,303.0,5407729.8213,1884.0,1.0,-1271.0,-5405784.4944,2.0,0.5,1884.0,1945.3269,0,1,2,2,2
66wLeScYnuTQKaNDMSpcH8uA8qqJVecPn2QMVhGLpump,punchwif,punchwifhat,solana,1.0,3785650.0564,312365.15061234,1395.0,3885650.0564,2188.0,1.0,-2046.0,-3883590.3911,2.0,0.5,2188.0,2059.6653,0,1,2,2,2
F6Vyxf5c1aMEQDqTHiCzY367wwwtHuMCk7W64ekopump,PUP,Dog In Sock,solana,420.0,1820.6448638095237,3819.694345460329,2.816666666666667,864670.8428,1247.0,136.0,-0.8602941176470589,-4525.305821323529,556.0,0.7553956834532374,1269.0,249229.2511,1,399,535,1,5
Cc841PdMQUNWq989BszMHcjipGw89CBxDygiweb1pump,BELLATOR,BELLATOR,solana,5.0,90544.12206,754131.1453507701,298.4,552720.6103,3076.0,14.0,-18.285714285714285,-30089.75675428571,19.0,0.2631578947368421,3096.0,131464.01574,1,6,20,5,6
2NLMax4z8Q7c8BkAYJ42pc7MZDboB5ESMBBz1XJkpump,DOPE,Doctor Pepe,solana,1.0,1857365.2728,122794.2134967,0.0,1957365.2728,1120.0,1.0,-1064.0,-1955978.8624999998,1.0,1.0,1120.0,1386.4103,0,0,1,2,2
4HZuGUQ1HqxffXvp7kNBpXpqtw9djrLe3zedmUUupump,LION,Roar of the Lion,solana,1.0,1238042.2744,564870.28774808,48.0,1338042.2744,1185.0,1.0,-1056.0,-1336168.7143,2.0,0.5,1185.0,1873.5601,0,1,2,2,2
4R67Fu3146yf87ZyseY6yQridxxgaCm9rR4Jv3wppump,Trump,The Peace President,solana,3.0,2071437.4447333335,381397.91928737,60.0,6314312.3342,1570.0,1.0,-1305.0,-6312769.1121000005,4.0,0.75,1570.0,1543.2221,0,3,4,2,2
atVjZ7uM8sVrLFi5Xe1JiLGW6mW9pvQdTCWzhNFpump,Peace,World Peace,solana,7.0,328976.5590857143,534150.6546693557,710.7142857142857,2402835.9136,6088.0,23.0,66.26086956521739,-75549.11950869566,30.0,0.23333333333333334,8547.0,665206.1649,1,8,31,5,6
GWEdGq4X511cEUsGvkhn3UDDT2D6xJskNXjCwtVapump,Trump,The Peace President,solana,1.0,3747161.5573,486045.58389336,0.0,3847161.5573,2084.0,1.0,-1866.0,-3845340.9063,1.0,1.0,2084.0,1820.651,0,0,1,2,2
AgPufgmY8kho6Nv27SzxSXWMKJHL4eXghth1ZFpnpump,BOW,Board of War,solana,1.0,2450398.8525,259036.89759816,0.0,2550398.8525,1302.0,1.0,-1213.0,-2548910.2008,1.0,1.0,1302.0,1488.6517,0,0,1,2,2
2R2Z8F9zjMy8c3uo3EYASvt19kfLrZpWSG8yQeMXpump,Trump,The Peace President,solana,2.0,9691715.01111,523401.28309056,115.0,19483430.02222,1407.0,1.0,-1138.0,-19481811.92911,3.0,0.6666666666666666,1407.0,1618.09311,0,2,3,2,2
5a6pLNpqeidbYe55o9tLc7Yazb7WzCd8j26EtLYGpump,Peperan,Peperan,solana,1.0,3970571.8618,158581.47264164,0.0,4070571.8618,1063.0,1.0,-987.0,-4069116.2796,1.0,1.0,1063.0,1455.5822,0,0,1,2,2
92Xc4KCag3CJGbQsm5v5pvStKhe5wgeZBaji4fZCpump,PZBCN,Zebecparrot,solana,441.0,2925.6613868480727,1973.1215977036409,1.3265306122448979,1390216.6716,944.0,22.0,2.272727272727273,-46596.93745954545,463.0,0.9524838012958964,1103.0,365084.04749,196,634,656,1,5
5DUEGjxje8Zr3XJScHJ7DGkE92aTiG89yEC999hTpump,TRUMP,Supreme Leader Trump,solana,1.0,6428068.6142,104046.61542056,0.0,6528068.6142,1128.0,1.0,-988.0,-6526515.9936,1.0,1.0,1128.0,1552.6206,0,0,1,2,2
EPui17WkepUqmPaZeLnihgACcPGCJKG7kekfqEkjpump,inu,i nuke u,solana,1.0,4577526.05102,398806.026561169,0.0,4677526.05102,1078.0,1.0,-988.0,-4675616.83232,1.0,1.0,1078.0,1909.2187,0,0,1,2,2
9AueQtFFsA3XaUY6XnNqgKeDr4SKdFWU1LJvSDsWpump,Khamenei,Rip Ayatollah Khamenei,solana,1.0,319538.8512,24642.70718193,0.0,419538.8512,22.0,1.0,1589.0,-417605.7081,1.0,1.0,1611.0,1933.1431,0,0,1,0,3
Eki8vCNskBNPva7bSNQpam51BzoggZahRBXbYnVipump,Peacemaker,Peacemaker,solana,1.0,1115741.5111,132746.73361164,0.0,1215741.5111,3396.0,1.0,-3236.0,-1214011.8395,1.0,1.0,3396.0,1729.6716,0,0,1,2,2
CiqtyTqs8z2RUGe3gxbogAn2f5CBeVnn4btRMdm6pump,TRUMP,Trump the Prophet ,solana,1.0,2323357.4581,129087.094248191,0.0,2423357.4581,1165.0,1.0,-1036.0,-2421667.7887999997,1.0,1.0,1165.0,1689.6693,0,0,1,2,2
9SKeKXQsPUp9iSUhVbjkfGKGEN7HR26HWjVfbtLUpump,XMN,XMN,solana,330.0,8544.637542424241,9357.332263966224,7.3969696969696965,2919730.389,2658.0,216.0,0.7777777777777778,-9604.290305092592,546.0,0.6043956043956044,2890.0,845203.6831,20,350,565,1,5
CyDi275WFQaf5rnhXRMnuKqmWqFMRK6S9yFAf1kXpump,GOY,Goys R Us,solana,1.0,936179.7086,104869.90255566,0.0,1036179.7086,1286.0,1.0,1964.0,-918938.0817,1.0,1.0,3250.0,117241.6269,0,0,1,0,3
8GC4kBVgREoeQcZJAr1prxtfqW67RSu411aCqeaCpump,Aslan,The Tibetan Snow Lion,solana,4.0,257100.30727500003,831769.9905169699,373.5,1128401.2291,3113.0,8.0,-9.25,-99252.8890625,12.0,0.3333333333333333,3333.0,334378.1166,1,5,13,5,6
9CshbmkGVqov9kc6x3ksUPN53B328pG2hujiCnrBpump,TRUMP2,CAN’T STOP WINNING,solana,1.0,13344277.6331,245536.094884903,0.0,13444277.6331,1186.0,1.0,-1090.0,-13441047.7655,1.0,1.0,1186.0,3229.8676,0,0,1,2,2
Cg6Kbxik5tpa1Wzt2wFZet5mTECM5fsYoW799bVXpump,PippAgenC,Pippin AgenC,solana,1.0,1006759.1643999999,2084975.31081322,1576.0,1106759.1644,2058.0,1.0,-438.0,-808836.6364,2.0,0.5,2058.0,297922.528,0,1,2,2,2
CryQGHkWBxYMbcMx2S4dgnsHZ5deYjvFgzbQz836pump,TRUMP,Supreme Leader Trump,solana,8.0,715421.3254625,297851.7518993334,121.375,5823370.6037,2230.0,1.0,-47.0,-5353420.0172999995,9.0,0.8888888888888888,2230.0,469950.5864,0,8,9,2,2
HbP5kQJK9mCLsxrtHfiw92AKF5id7S9Bxjcf9Smypump,EPICFURY,OPERATION EPIC FURY,solana,35.0,571755.2731571428,73744.48126341458,5.714285714285714,20111434.5605,1423.0,1.0,-176.0,-18520002.1762,36.0,0.9722222222222222,1423.0,1591432.3843,0,35,36,2,2
Huh3G975pLP3WTXKDnsaCTu7enAoFsHMFJCbFLeNpump,FOMO,FOMO,solana,116.0,4668.740243103449,24357.73254746378,5.103448275862069,641573.8682,963.0,86.0,0.36046511627906974,-5565.14398372093,202.0,0.5742574257425742,1020.0,162971.4856,19,135,221,1,5
AoR5LncBpmpv6WwxCqiEM96Z9Lwiim2bSAyZAHt9MudA,AOR,American Oil Reserve,solana,81.0,100469.47439012345,22426.40156098427,56.51851851851852,8238027.4256,4712.0,57.0,4.140350877192983,-104345.63757491228,138.0,0.5869565217391305,5292.0,2290326.08383,1,82,138,5,6
2jCwQtsqmEsvTbBFMJYE53ThUXfgrY813f5Zq9Dxpump,TRUMP,Trump the Prophet ,solana,1.0,2681080.985,289566.086755749,0.0,2781080.985,2112.0,1.0,-2003.0,-2779201.8562,1.0,1.0,2112.0,1879.1288,0,0,1,2,2
DKqgMMtEiAMXR8iz4tpVXgnmL8Bgzbu4XPyUrZWrpump,ruck,ruck,solana,23.0,33940.26856956522,224094.96661341886,74.78260869565217,880626.1771,3486.0,26.0,-29.03846153846154,-24228.46116923077,49.0,0.46938775510204084,3486.0,250686.1867,2,25,51,5,6
8zP4khQZLjKtD3HdUi4UYyAzqi7kipDagjEZf1skpump,TRUMP,Supreme Leader Trump,solana,3.0,1834919.2474666666,488981.5050128473,121.33333333333333,5604757.7424,1507.0,1.0,-57.0,-4937794.0942,4.0,0.75,1507.0,666963.6482,0,3,4,2,2
HhoW5VDUCoYQcRKbZ4jy9Za44PB3vthPKLtWGN3Apump,PEPERAN,The Rising Pepe,solana,3.0,1735084.1890666669,217695.20841383384,31.0,5305252.5672,1027.0,1.0,-925.0,-5303728.329000001,4.0,0.75,1027.0,1524.2382,0,3,4,2,2
J1CZ27J3XasQeYDkqRy5ZnRPosqLRcBuqp5NJ81Gpump,TRUMP,Supreme President,solana,1.0,2491992.03536,236065.83562136,0.0,2591992.03536,1212.0,1.0,-1138.0,-2590354.25436,1.0,1.0,1212.0,1637.781,1,1,2,2,2
ABvaesm1cqWvbon8Sc1EzYkXoZo7XBdV2piPAYi8pump,HITLER,Hitler Was Right,solana,1.0,3308745.1629,443954.34331234,49.0,3408745.1629,1111.0,1.0,-1002.0,-3407179.4392,2.0,0.5,1111.0,1565.7237,0,1,2,2,2
CaWse93HecSQNAedUykn1kvYT5GJaG67KDmScJEzpump,TRUMP,Supreme President,solana,1.0,4232360.4984,924573.144726714,-12.0,4332360.4984,1409.0,1.0,-1351.0,-4330757.8747,2.0,0.5,1421.0,1602.6237,2,3,4,2,2
GkywpBJrCtfwASyyCYDcMdrV6esNDTf4QyX68nkUpump,OCTO,McOctopussy,solana,14.0,44719.26773571428,189574.11014741877,114.57142857142857,726069.7483,1916.0,2.0,76.5,-290863.7473,16.0,0.875,2069.0,144342.2537,0,14,16,5,6
E1jqth7k6yWhrUnpAmKVWeFz4T37WSVkm2MuUKgppump,PunchBall,Punch Basketball,solana,1.0,923820.3067,2786296.627797057,871.0,1023820.3067,1778.0,2.0,-647.5,-509644.21995,3.0,0.3333333333333333,1838.0,4531.8668,1,2,4,2,2
HB1bqSLDmQunAWQZJvSGA9NsBdEe1NczA6n4sRuFpump,MINDLESS,MINDLESS COIN,solana,7.0,79636.00311714286,164779.99388762284,251.85714285714286,657452.02182,2105.0,14.0,13.0,-34985.30663,21.0,0.3333333333333333,2299.0,167657.729,1,8,22,5,6
6Dqbs7EAmWhraJiLJAW8WG8Hby2aiYDkinjJqKUkpump,Barron,BarronCoin,solana,1.0,1926676.2719,75876.61512397,0.0,2026676.2719,1083.0,1.0,-1022.0,-2025071.5448,1.0,1.0,1083.0,1604.7271,0,0,1,2,2
62SkefeHDW7dpi2ER6ue7GPKmPHXdWY14z12yjPSpump,ADTRUMP,Ayatollah Donald Trump,solana,1.0,3512551.5751,470394.72114584,0.0,3612551.5751,1428.0,1.0,51.0,-3174765.2305,1.0,1.0,1479.0,437786.3446,0,0,1,0,3
6iA73gWCKkLWKbVr8rgibV57MMRxzsaqS9cWpgKBpump,我的刀盾,what the dog doing?,solana,203.0,35417.82440394089,63671.66656687595,22.23152709359606,7289818.354,4876.0,61.0,0.8360655737704918,-84426.2332442623,264.0,0.7689393939393939,5264.0,2139818.1261,11,214,275,1,5
0x000e6995aa3bdb2941c73dbc75f8d1e48e39781d,WM,World Monitor,base,16.0,136087.1061375,1186139.318818722,0.0,2277393.6982,0.0,1.0,0.0,-1723872.559,17.0,0.9411764705882353,0.0,553521.1392,6,19,20,0,3
7ugFCqxC63eFurNneemdcW8gKH4uAVMQxLyVAbsApump,Pokopia,Pokémon Pokopia,solana,1.0,2137926.5095,192538.42269674,0.0,2237926.5095,1248.0,1.0,-1186.0,-2236366.8986,1.0,1.0,1248.0,1559.6109,0,0,1,2,2
0x407a5fb66cb1b3d50004f7091c08a27b42ba6d6f,ROBO,Robo Token,base,16.0,72807.83768125,3464.8122239028753,0.5625,1264925.4029,1833.0,432.0,-0.018518518518518517,-1389.7928990740745,448.0,0.03571428571428571,1848.0,664534.8705,0,15,399,4,4
0x9dce0d4aeca83fb55db486a9e575ac9fac73a650,automaton,The Automaton,base,11.0,190411.8010090909,3514.1323915860003,0.0,2194529.8111,0.0,7.0,0.0,-241059.98594285714,18.0,0.6111111111111112,0.0,507109.9095,6,16,23,0,3
CCzmP9jbSV1smWNUjpEhS6qJAYzLi3tGfNJMpmEBpump,derp,derp,solana,183.0,2631.390609836066,3991.1656160505167,3.0,581544.4816,771.0,256.0,0.859375,-1595.7913570312503,439.0,0.4168564920273349,1041.0,173021.8942,203,380,616,1,5
GrTztzZnpgNLbvjqWvMBdRcEZSRM5rjRoovUTdNLpump,DRR,Death Row Records,solana,1.0,316042.969,171634.8507316,0.0,416042.969,1723.0,1.0,-1679.0,-414395.44389999995,1.0,1.0,1723.0,1647.5251,0,0,1,2,2
BcPdhx163ubtu8bWGTPxGgZwvg7jPtHFwXV2fruXpump,TRUMPWIN,Donald Trump Victory,solana,1.0,2437542.9154,112807.030685164,0.0,2537542.9154,1099.0,1.0,-1046.0,-2535875.2251999998,1.0,1.0,1099.0,1667.6902,0,0,1,2,2
5FMomcLoDQKUn2ZTExzF8mFgHeQNZ8hSP8AYgLEJpump,XMONEY,x money,solana,1.0,10477720.4222,153253.83047041,0.0,10577720.4222,1153.0,1.0,-1111.0,-10576101.9317,1.0,1.0,1153.0,1618.4905,0,0,1,2,2
ATBR4i19gcQ31Rfr7ymA2XvkCQEAkNFGBtVKTmdqpump,Machi,Machi Big Brother,solana,54.0,31219.553779629627,130365.34798073409,25.444444444444443,1785855.9041,1669.0,80.0,-3.3625,-15933.867997499998,134.0,0.40298507462686567,1688.0,511146.4643,0,54,134,5,6
0x7a7ab44e92a177b8760cb03d40b8f7a4731bc3fb,YaYa,丫丫,base,12.0,280545.5188083333,5919.522648046666,0.0,3466546.2257,0.0,13.0,0.0,-231153.4265230769,25.0,0.48,0.0,461551.6809,1,12,25,0,3
0x56baeb7d2a199970a1a3249ff7f60c25b7c38d32,torch,torch,base,16.0,231367.14361875,1116378.159090996,0.0,3801874.2979,0.0,9.0,0.0,-333541.4160555556,25.0,0.64,0.0,800001.5534,1,17,26,0,3
8jdG22DmijvhXzXUfgfpVUX7x3eaRDp8hrtHvH2XNNhR,Punch,パンチ,solana,1.0,6452.606199999995,2244310.77127436,0.0,106452.6062,4557.0,1.0,-4541.0,-106452.54823999999,1.0,1.0,4557.0,0.05796,4,4,5,2,2
5T17aqgJ8cM39SNuVBu2LK2cq5MWUpZxcQnnuwNjpump,LIZARD,Official Lizard Coin,solana,468.0,3848.4277574786324,10355.804436916525,2.014957264957265,1901064.1905,1792.0,55.0,10.054545454545455,-26024.52025090909,523.0,0.8948374760994264,2529.0,469715.5767,4,472,527,1,5
2ocYd9f3564zUL1j6zUi8FR6Rn4Yo76BvXoZwLYASYFR,SYFR,SYFR AI,solana,666.0,11835.563600750751,8115.646451391446,3.9924924924924925,7982485.3581,2904.0,527.0,0.286527514231499,-7260.006008918406,1193.0,0.5582564962279967,3064.0,4156462.1914,0,666,1193,1,5
G9ivB7K41a4G8m1k4QdxxN4L5eGKL7Mr12S26B85pump,PIZZA,Bitcoin Pizza,solana,20.0,44461.244695,172326.63757278217,180.55,989224.8939,4137.0,24.0,-14.958333333333334,-29594.71105833333,44.0,0.45454545454545453,4514.0,278951.8285,1,21,45,5,6
BprouMoau36y1x6TxiLbHd59Q2eJgrKSBGdzcc6pump,GOOSE,Gooseman,solana,1.0,646447.423,2444909.45063797,0.0,746447.423,2144.0,25.0,6.6,-25851.582651999997,25.0,0.04,2547.0,100157.8567,1,1,26,5,6
GMD16hpoKqfpXpPTWoymvzjddsruQsdqPu8T28ZKpump,ONE,The One Piece,solana,8.0,212847.2784625,742294.6649162987,265.625,1802778.2277,3534.0,37.0,6.72972972972973,-34262.93264054054,45.0,0.17777777777777778,4615.0,535049.72,0,8,45,5,6
38XFJ1bAG6gcs18o54LbApwYfDtZeqiQmCs4cNiDuNrn,OIL,OilCoin,solana,4.0,161730.93955,2725338.0471246275,399.25,746923.7582,4831.0,1.0,-4795.0,-746923.5762,5.0,0.8,4894.0,0.182,2,6,7,2,2
9e5U7MNZw9TbhFEF4VQZWpq8a5Q5DQhNyajFLWWXpQBv,Punch,パンチ  冲床,solana,2.0,162763.542575,3672607.242697495,-19.5,425527.08515,5146.0,3.0,-1710.6666666666667,-141832.69445799998,5.0,0.4,5243.0,29.001776,2,4,7,2,2
0x5c72992b83e74c4d5200a8e8920fb946214a5a5d,BEAN,MineBean,base,44.0,66298.9141340909,16273.280402855606,0.5909090909090909,3017152.2219,1234.0,130.0,0.7615384615384615,-16614.720346923077,174.0,0.25287356321839083,1343.0,857238.5768,0,44,174,4,4
AmSQu3NZTSKqTu5bTsfKimiBwEpfzT46RqzC5Apnbonk,CHUD,CHUD,solana,189.0,13239.989617671958,19485.86377876905,2.5873015873015874,2602358.03774,939.0,99.0,1.0101010101010102,-19121.523062020202,288.0,0.65625,1091.0,709327.2546,9,198,297,1,5
4HhWcsfjaWYKJtjaxd4EyGSAL4Ky8C3DvqAWPHnrpump,SHAPE,The Shape Store,solana,182.0,20638.96218021978,51897.6585551383,18.78021978021978,3856291.1168,3659.0,135.0,-0.2740740740740741,-20473.22071777778,317.0,0.5741324921135647,4157.0,1092406.3199,16,198,333,1,5
26sdgQt6JxoPfnXeBRviZsE59LwfjB12YfFBJ7Uipump,Browt,Browt,solana,131.0,5110.682004580152,13409.1533575849,3.068702290076336,769499.3426,1018.0,24.0,8.875,-22552.383195833332,155.0,0.8451612903225807,1335.0,228242.1459,3,134,158,1,5
2ieDnfWLzrat7zGFz4qFh5FMg75WkQrvmWaAHeSZoxHZ,SANAET,SANAE TOKEN,solana,5.0,4738431.55804,266324.930981554,75.2,23792157.7902,732.0,119.0,1.781512605042017,-150062.52469915967,124.0,0.04032258064516129,1165.0,5934717.351,0,5,124,5,6
9jCJEc8JYAQHrWc1NVnKW21vY96eHoY9ZJmbzCsupump,BRAINLET,BRAINLET,solana,28.0,69029.59033214286,66714.36662913818,18.107142857142858,2032828.5293,1430.0,2.0,7.5,-755854.8235500001,30.0,0.9333333333333333,1473.0,521118.8822,1,29,31,5,6
0xf423714fd3915f9b556a72610a94e4b31c7b507c,fren,fren,base,35.0,75363.12004285715,2625.407479271686,0.0,2737709.2015,0.0,1.0,0.0,-2118339.3279999997,36.0,0.9722222222222222,0.0,619369.8735,4,37,38,0,3
EaKYPjkr8dk1F8e6zvsr7PtTh2FK9majGERYJc7A3gQR,OIL,OIL,solana,2.0,159293.425,3547581.74590339,959.5,418586.85,4170.0,1.0,-4152.0,-418584.6284,3.0,0.6666666666666666,4170.0,2.2216,1,3,4,2,2
9HkvDxrZ9zXhecCJMLMeW4J43feUQZ96f7QEj6uUpump,wcd,what the cz doing?,solana,7.0,3960558.8058142858,1975788.88778405,685.2857142857143,27823911.6407,5637.0,2.0,-1273.5,-13891444.6438,9.0,0.7777777777777778,6979.0,41022.3531,0,7,9,2,2
33dhma9QA7xefhVpA7c5vMrN826xcHanSHruUEKF2LmW,SOS,Strategic Oil Supply,solana,213.0,90501.62915765258,27410.573181200474,43.568075117370896,19376847.01058,9467.0,6.0,171.5,-2498156.3681133334,219.0,0.9726027397260274,10508.0,4387908.8019,0,213,219,5,6
Zscx6qngJieCj2mcuhUaYQ2F66EJ8vL7t6jVZh9pump,Nakama,Nakama,solana,6.0,604028.8501166666,1615595.6057173398,706.5,3724173.1007,8269.0,3.0,-278.3333333333333,-1105279.3171333333,9.0,0.6666666666666666,9558.0,408335.1493,4,10,13,2,2
0xca74f57f1db0e5db0e874d4c06351534a27f2031,CatFu,CatFu,base,35.0,79786.76646285714,853634.0308324129,0.0,2892536.8262,0.0,1.0,0.0,-2474687.7109,36.0,0.9722222222222222,0.0,417849.1153,4,32,33,0,3
9VYUuSVZGw82Nz8rcSix4x4zurBmvkfiKtyvYCY4pump,MINDVOID,MINDVOID COIN,solana,49.0,88657.79989387754,108343.3871348512,6.142857142857143,4444232.1948,7618.0,1.0,136.0,-3764055.42,50.0,0.98,7754.0,680176.7748,0,49,50,5,6
7oXNE1dbpHUp6dn1JF8pRgCtzfCy4P2FuBneWjZHpump,WhiteHouse,The White House,solana,33.0,119891.30446636364,310496.9321390499,257.24242424242425,4056413.04739,9688.0,22.0,-11.5,-131777.32032954544,55.0,0.6,10847.0,1157312.00014,0,33,55,5,6
6RxB1KdzVMXrrYn7nQWvaGgh5e2EpbA1FcEFtq74pump,DELULU,just delulucoin,solana,19.0,20647.880063157896,58014.69070971236,28.157894736842106,492309.7212,954.0,55.0,-1.018181818181818,-8764.691029090909,74.0,0.25675675675675674,1080.0,10251.7146,0,19,74,5,6
9oxGicd5KXNcthYM6yD23X9zcznQVnHjrAEN38fFpump,BioLLM,BioLLM,solana,106.0,18783.964738679246,47066.69603575982,8.30188679245283,2091100.2623,1950.0,49.0,8.816326530612244,-30384.298471428574,155.0,0.6838709677419355,2408.0,602269.6372,0,106,155,1,5
CoPRYLGHc7Qadere13xSPhRvgwwStCZn9dHpBZQ7pump,CORVUS,Corvus Latimer,solana,5.0,193009.57626,385357.579714654,237.2,1065047.8813,1537.0,26.0,6.769230769230769,-28993.48696923077,31.0,0.16129032258064516,1866.0,311217.2201,12,17,43,5,6
H4RA9aCpXxRSpxTenDJztL3Enc35tzXBGRZMhXwYAqpP,TripleT,Tung Tung Tung Sahur,solana,5.0,213464.31861999998,50232.25459574,98.0,1167321.5931,682.0,77.0,53.03896103896104,-10740.865506493505,82.0,0.06097560975609756,4766.0,340274.9491,0,5,53,5,6
2B3i6R4s8D6RQsBJBfgQkQYME2keYrV9y6u43Q9apump,Pete,Pete the Penguin,solana,14.0,1163204.852592857,331561.59739107214,57.214285714285715,16384867.9363,1489.0,1.0,-1253.0,-16382855.2673,15.0,0.9333333333333333,1489.0,2012.669,0,14,15,2,2
EG6zP6zWJjcNz563nAjcmNQYhkwbqVbDFpRsWx11pump,pedgy,pedgy penguns,solana,19.0,103238.79082578947,305389.14460755774,221.78947368421052,2061537.02569,5739.0,17.0,-34.76470588235294,-94866.22785823529,36.0,0.5277777777777778,6465.0,448811.1521,0,19,36,5,6
0xabebf7c383f68af666d0877683800b416990c16f,BANDS,Blue Bands,base,18.0,200069.45588333334,4299.130653050839,0.0,3701250.2059,0.0,3.0,0.0,-977935.9056666667,21.0,0.8571428571428571,0.0,767442.4889,2,20,23,0,3
0xa8cccc1fc1a0c7aa094e93a6b9c899ba17951754,GEN,Generative Intelligence,base,6.0,440445.2206833333,6065.742107885001,0.0,2742671.3241,0.0,10.0,0.0,-198425.58353,16.0,0.375,0.0,758415.4888,4,10,20,0,3
0x77723cd812317339256f7bc88c45a535513b2d0e,DM,DARKMATTER,base,18.0,244870.73260000002,1527502.4840084256,0.0,4507673.1868,0.0,2.0,0.0,-1580946.01625,20.0,0.9,0.0,1345781.1543,2,20,22,0,3
89S7oVB4hui8ceJqhHreWB7fcxdthfvoB7z2pfJtpump,abcdefg,FIRSTviralonboardOGcreatorAI,solana,590.0,3691.359464610169,27013.278153924774,2.801694915254237,2277902.08412,2786.0,23.0,-2.1739130434782608,-17336.78090086956,613.0,0.9624796084828712,3705.0,1879156.1234,0,590,613,1,5
AukyjhMSmN5VEGjQ9npeu6Eu9X21feL1qCbZSPeJpump,Doom,Doom Neuron,solana,143.0,13748.17983006993,46978.747687699346,11.643356643356643,2065989.7157,2269.0,21.0,17.476190476190474,-69120.92767142857,164.0,0.8719512195121951,2796.0,614450.2346,4,147,168,1,5
8Upn5PyPivLhpVP7DKCP4uYXdcNxdd34jz3P9Zdbpump,CL1,Cortical Labs,solana,149.0,5372.24352818792,32211.3675071276,1.7718120805369129,900464.2857,1169.0,17.0,-8.764705882352942,-38709.18065294118,166.0,0.8975903614457831,1169.0,242408.2146,7,156,173,1,5
VdeXdGtVxioxTC755kDsTsAR1MTGBf9qqKJLRd1pump,ONO,Old Not Obsolete,solana,2.0,976578.82765,2157498.550005586,1420.0,2053157.6553,5745.0,5.0,-95.8,-292390.16288,7.0,0.2857142857142857,5930.0,591206.8409,0,2,7,5,6
0x93d0afd8ef5c702944f3f9ae983db5fac30180c2,LAYER,Layer,base,5.0,507535.5224,1584652.0239652102,0.0,2637677.612,0.0,12.0,0.0,-190544.32129166668,17.0,0.29411764705882354,0.0,351145.7565,5,10,22,0,3
AVTnFqCj6qxp4QxATYa6LRNKgrfJKQvnGwJvn1G9fA8q,WhiteHouse,The White House,solana,29.0,30089.332413793105,73999.81118062786,156.20689655172413,972590.64,4609.0,9.0,56.888888888888886,-103881.70533333333,38.0,0.7631578947368421,5210.0,37655.292,0,29,38,5,6
FvLHiKeQwW9NxEwg3AWYbWApaV1AZc1t6zkuda334NHE,PAW,OpenPaw Token,solana,466.0,6592.385460085837,4237.915344568872,3.88412017167382,3172051.6244,1817.0,228.0,4.802631578947368,-11736.925884649123,694.0,0.6714697406340058,2912.0,496032.5227,0,433,660,1,5
AKCTBbsEEnSFbipRt6SxWdACxbTBSBzCaNXRyzpipump,WarHouse,The War House,solana,13.0,364887.40160000004,217010.67800849644,96.84615384615384,4843536.2208,2297.0,1.0,-147.0,-4833691.6492,14.0,0.9285714285714286,2297.0,9844.5716,0,13,14,2,2
38JepT8P7N1AUS996QRqNLAewiPvFoNWxrPY7DR2pump,Dust,Angel Dust,solana,11.0,60817.20563636364,290621.621959647,189.1818181818182,768989.262,2767.0,17.0,-6.235294117647059,-31838.559235294117,28.0,0.39285714285714285,3419.0,227733.755,1,12,29,5,6
0x6a5ac92abd9f3f71303ecc0cf5cc56c2632cb0d4,GAS,GAS,base,9.0,158682.61845555555,2090.8485024576667,0.0,1528143.5661,0.0,6.0,0.0,-254509.16244999997,15.0,0.6,0.0,1088.5914,1,10,16,0,3
0x3b5406ca1e6e518b3f8aa76cf205141bb3415cea,BGS,Bird Game Studios,base,7.0,155866.8744857143,301399.1801955101,0.0,1191068.1214,0.0,8.0,0.0,-141154.1976625,15.0,0.4666666666666667,0.0,61834.5401,1,7,15,0,3
26HijyQRPisA96er6xWLh32TSMAHLvivTnmcmu7bpump,XPD,PetroDollar,solana,14.0,66620.78323571429,298770.6387506575,235.78571428571428,1032690.9653,4461.0,19.0,57.473684210526315,-39513.28766842106,33.0,0.42424242424242425,6192.0,281938.4996,0,14,33,5,6
9yWFUKC2TNzZs6e1PzGg4kLx9yYrqiTfoT1qcsNNpump,shitcoin,shitcoin,solana,261.0,3085.4983629501917,23451.638257250645,3.218390804597701,905315.07273,1413.0,150.0,0.44,-4257.661212866667,411.0,0.635036496350365,1839.0,266665.8908,0,261,411,1,5
0xb22bad520f8d7f45372247bb1f08b36578d6c3c4,BOMB,BombLiq,base,8.0,476035.2524275,2719.770887511125,0.0,3908282.01942,0.0,3.0,0.0,-1157188.3582733332,11.0,0.7272727272727273,0.0,436716.9446,1,8,11,0,3
0xad891f7019efb75f14e4490ef79fcd2811dcc935,Hate,World Hate,base,8.0,429518.0991375,1543037.6200123525,0.0,3536144.7931,0.0,3.0,0.0,-1054027.5248666666,11.0,0.7272727272727273,0.0,374062.2185,1,8,11,0,3
ENJpMVwQ5Cxi4SNtSmAX1ZTm7KBHPwQ3WaRWgRyvaLB8,CityBoy,City Boy,solana,343.0,351829.9416909621,21244.22325074076,130.03498542274053,120777670.0,44614.0,3.0,95.66666666666667,-28765063.666666668,346.0,0.9913294797687862,44901.0,34482479.0,0,312,315,5,6
moLtguTf84g34S34PbnJDRKR1FXb5di1UCRsnB7hKjE,MOLTID,MoltID,solana,103.0,20661.565850485436,14083.310962927359,6.533980582524272,2228141.2826,1089.0,162.0,-1.4382716049382716,-9695.737041975308,265.0,0.3886792452830189,1111.0,657431.8818,0,103,265,1,5
0xcb4777b49882d9495dd2349dd96f3b23828ac66a,chud,fat chud,base,18.0,182661.32931111113,1236805.94500917,0.0,3387903.9276,0.0,3.0,0.0,-982672.7122333334,21.0,0.8571428571428571,0.0,439885.7909,3,21,24,0,3
0xf899aa466045828c941e652a9bca5c5cb70b2cbe,LLM,Living Language Model,base,16.0,234635.96000625,5494.081586153,0.0,3854175.3601,0.0,5.0,0.0,-690594.49266,21.0,0.7619047619047619,0.0,401202.8968,3,19,24,0,3
DoBAMMqcedjoWV3m7JEU1pAzZjkQqeQzbdLUA2etbonk,OILLESS,OILLESS,solana,4.0,351141.4129,699382.2626078025,625.0,1504565.6516,4125.0,6.0,48.0,-181950.30623333334,10.0,0.4,4603.0,412863.8142,1,5,11,5,6
d4VnSVqaUBf3dTxUqdeD4L2ix3rvsEcis4kNv3npump,SIRI,Siri,solana,5.0,158920.68912,408861.808244412,381.6,894603.4456,2216.0,5.0,5.4,-127956.35307999999,10.0,0.5,2341.0,254821.6802,3,8,13,5,6
EPuZ1X6pPzac3ELPsT59LStmgaSr4kBJvaAbL15Fpump,DISTORTED,Distorted Face,solana,47.0,121010.77704680852,259071.191317642,223.19148936170214,5787506.5212,11035.0,37.0,-19.486486486486488,-110128.08385675677,84.0,0.5595238095238095,11896.0,1712767.4185,3,50,87,5,6
GyL9u313funLmMWrMwxq9EaxMh481NEH9hqdbRQ8pump,MISSILE,MISSILE,solana,19.0,56677.46595789474,130472.57351314512,146.05263157894737,1176871.8532,3307.0,5.0,75.0,-208869.06206,24.0,0.7916666666666666,3932.0,132526.5429,0,19,24,5,6
26mD893m18Awupd2E8AB1n9LSjGqmQB37BddtXWrmoon,UXR,United Oasis Reserve,solana,123.0,21088.483322764227,14406.782644436402,60.00813008130081,2693883.4487,7402.0,11.0,245.36363636363637,-175099.4823181818,134.0,0.917910447761194,10101.0,767789.1432,0,123,134,5,6
8WFLEGsNYVEkcGfdihZBztufJVMJXJNjpmuDgijypump,Flork,Flork,solana,678.0,1181.805801917404,5207.407560258437,1.1091445427728615,901264.3337,1097.0,21.0,-2.5238095238095237,-32129.53583142857,699.0,0.9699570815450643,1166.0,226544.08124,2,420,441,1,5
Hfo2xwWthppiJSyPW44N2bDkXmBw7ja4oCfun5Qxmoon,UXR,UXR,solana,24.0,55328.68113333333,104439.28311437294,354.9583333333333,1427888.3472,9112.0,36.0,108.02777777777777,-29873.99221111111,60.0,0.4,13133.0,352424.6276,53,77,113,5,6
C4yDhKwkikpVGCQWD9BT2SJyHAtRFFnKPDM9Nyshpump,Life,Life If...,solana,82.0,35294.23743902439,89554.09137270342,35.98780487804878,2994127.47,4299.0,12.0,2.0,-178632.50554166667,94.0,0.8723404255319149,4453.0,850537.4035,1,83,95,5,6
52nVoVk3BimAtvu2y9q1gnxqgR8pmjcc3v3byGnCuBa,SCUBA,It Stank,solana,133.0,9049.92194736842,29390.88061207341,8.864661654135338,1303639.619,1561.0,35.0,-6.085714285714285,-28200.355891428568,168.0,0.7916666666666666,1561.0,316627.1628,55,188,223,1,5
tqcQ7ij4UoXjr8BGWDs1Qb6epxAw3MG3dvNLidGpump,HAIRY,Hairy Creature,solana,11.0,358888.3474818182,1206296.8013803805,243.27272727272728,4047771.8223,6300.0,1.0,-628.0,-2930129.4667,12.0,0.9166666666666666,6300.0,1117642.3556,0,11,12,2,2
4D9jZY6nkXnm3ofmWWJVcJrvtXDMfE5Zwy8rZMy5pump,JEW,Jewish Engineered Wealth Coin,solana,15.0,62139.01600666667,180412.48668273733,125.8,1032085.2401,2114.0,74.0,5.22972972972973,-9845.2704,89.0,0.16853932584269662,2545.0,303535.2305,0,15,89,5,6
DaTGaE6uhCfzz6Eh8hWQwL4yw3AJbXWbfvbeccdXJWED,butthole,the beginning,solana,2.0,498909.9739,2761628.24671199,267.5,1097819.9478,2436.0,7.0,-24.142857142857142,-117282.70236142857,9.0,0.2222222222222222,2505.0,276841.03127,0,2,9,5,6
32CdQdBUxbCsLy5AUHWmyidfwhgGUr9N573NBUrDpump,MAXXING,maxxing,solana,1333.0,3725.0426766691676,14303.788460820033,2.673668417104276,5065481.888,3738.0,348.0,0.33045977011494254,-10426.493062068967,1681.0,0.7929803688280785,4000.0,1437062.3024,451,1778,2126,1,5
7XJiwLDrjzxDYdZipnJXzpr1iDTmK55XixSFAa7JgNEL,MLG,360noscope420blazeit,solana,11.0,349541.1181909091,502.04739620545456,-0.2727272727272727,3944952.3001,24512.0,1010.0,-0.4623762376237624,-2741.3603436633666,1021.0,0.010773751224289911,24517.0,1176178.353,0,11,994,4,4
JB2wezZLdzWfnaCfHxLg193RS3Rh51ThiXxEDWQDpump,LABUBU,LABUBU,solana,26.0,156509.09121538463,9481.474607124961,0.2692307692307692,4169236.3716,17506.0,1206.0,-0.12106135986733002,-2467.799717495854,1232.0,0.021103896103896104,17508.0,1193069.9123,0,26,1223,4,4
A9E2AopuG56LWYiXsvGLLTcLjUjQ539PY6k5Fhfepump,KABUTO,Kabuto,solana,82.0,138347.5017987805,182624.50804794268,70.84146341463415,11444495.1475,6358.0,59.0,9.796610169491526,-137622.26864745765,141.0,0.5815602836879432,7660.0,3324781.2973,4,86,145,5,6
4ysWSPRkmqY6Y99SN86D2MBHXrvnR2358SaGb47Fpump,01001000,Binary Code,solana,17.0,44886.19734117647,141469.2557716947,114.29411764705883,863065.3548,2877.0,18.0,-0.5555555555555556,-36306.96692222222,35.0,0.4857142857142857,3391.0,209539.9502,1,18,36,5,6
6p6xgHyF7AeE6TZkSmFsko444wqoP15icUSqi2jfGiPN,TRUMP,OFFICIAL TRUMP,solana,584.0,16212644.387813529,6857769.3376757065,-1.2414383561643836,9468284322.4831,641904.0,2921.0,1.6761383087983568,-2278500.7997822324,3505.0,0.1666191155492154,662478.0,2812783486.3192,0,584,3505,3,1
5dfHpiBxagAKGUMLpCM246qHb8i8gADE3xdpVnDKpump,SHEEP,The Righteous Sheep,solana,1.0,1583590.7855,2669454.57798051,1936.0,1683590.7855,2927.0,6.0,43.166666666666664,-211994.37971666665,7.0,0.14285714285714285,3366.0,411624.5072,0,1,7,5,6
5mbK36SZ7J19An8jFochhQS4of8g6BwUjbeCSxBSoWdp,$MICHI,michi,solana,251.0,29486.454828286853,6167.743553711741,-0.6972111553784861,7501100.1619,45713.0,1561.0,-0.6073030108904548,-3365.712246380525,1812.0,0.13852097130242827,45889.0,2247223.3453,0,251,1812,4,4
9e1wtawpbkrJGq3vLbPGBvpQFLfsPFtjai4D9eo9pump,SMITH,Agent Smith,solana,10.0,87332.17352,494201.2920897591,224.4,973321.7352,3682.0,21.0,-8.428571428571429,-34780.10485238095,31.0,0.3225806451612903,4038.0,242939.5333,1,11,32,5,6
3B5wuUrMEi5yATD7on46hKfej3pfmd7t1RKgrsN3pump,BILLY,BILLY,solana,3.0,928546.858,147.91051901,-2.0,2885640.574,34056.0,1933.0,-0.30574236937403,-1045.6772749612,1936.0,0.0015495867768595042,34062.0,864346.4015,0,2,1850,4,4
Gka1TQEevBbVw4W9K15ER96ZzKByMTb6TBMQzWFEpump,MINER,Never Give Up,solana,935.0,3741.633913262032,33089.01871129488,2.5572192513368983,3598427.7089,5345.0,202.0,-1.811881188118812,-12722.987403960396,1137.0,0.8223394898856641,6180.0,1028384.2533,1,936,1138,1,5
7NYWLY8vL9s4NRjjXo2pK9USSDqre6tCMETAyzkMGiPN,DRONE,Drone Dominance Program,solana,16.0,332355.80845,72734.353965245,69.375,5417692.9352,1544.0,82.0,12.341463414634147,-58323.615131707316,98.0,0.16326530612244897,2622.0,635156.4944,0,16,98,5,6
E93JuGQcHiXZ9upFZWELgvu5QsC9DD1qzkcGhJrpump,Memehouse,The Meme House,solana,4.0,182995.078725,894582.5839208036,182.0,831980.3149,2132.0,11.0,-39.36363636363637,-54160.46459090908,15.0,0.26666666666666666,2285.0,236215.2044,0,4,15,5,6
9QSjVAg5rDfBZPhvKwZcB63St3r6bqohP3Adurkjpump,ROSIE,Rosie,solana,6.0,312044.0050783334,926433.1812355816,388.8333333333333,1972264.03047,2686.0,18.0,0.4444444444444444,-80897.12924277778,24.0,0.25,2922.0,516115.7041,18,24,42,5,6
3qq54YqAKG3TcrwNHXFSpMCWoL8gmMuPceJ4FG9npump,CLANKER,CLANKER Robot AI Slur,solana,778.0,4729.26873277635,4122.0017239929675,0.9485861182519281,3779371.0741,5440.0,140.0,-0.9928571428571429,-19279.86704785714,918.0,0.8474945533769063,5479.0,1080189.6874,0,750,890,1,5
6q3Vg1Kvxq7GVXsM9u5y3t6EWmbkhmSHSN9vQJR3pump,101%,101%,solana,1.0,1755956.8568,1531253.46085575,462.0,1855956.8568,1500.0,1.0,175.0,-1368672.8865999999,2.0,0.5,1675.0,487283.9702,0,1,2,5,6
DdcvRiEs4k2fXbHqeJBS5jgGD93rj1wu6u8WTL4vmBLV,VIRUS,VIRUS,solana,329.0,89541.73968844986,32305.76882659932,5.9696048632218845,29559232.3575,4353.0,164.0,0.573170731707317,-127001.78972865855,493.0,0.6673427991886409,4589.0,8730938.842,0,324,488,1,5
5QmbJw7mM6tcCdXVy8ftc2bu8izded7Etc57TMA2pump,INCOME,Universal High Income,solana,19.0,74139.36128947367,237367.23550557267,183.1578947368421,1508647.8645,4764.0,25.0,-29.88,-43861.05989999999,44.0,0.4318181818181818,5041.0,412121.367,1,20,45,5,6
UGoRwdj9SK78V6Pq9YMz9BvmNuJTLNqPZyS5WnGd8uW,UGOR,United Global Oil Reserve,solana,326.0,57136.4172358589,28782.213128231888,82.54907975460122,18726472.01889,26993.0,4.0,-15.75,-3311288.6574475,330.0,0.9878787878787879,27226.0,5481317.3891,0,326,330,5,6
FDQ77aHDgV6ozbv1b4WM5oXuHGV1cMnjSXpxvgSzpump,BAGWORKOOR,THE BAGWORKOOR,solana,9.0,68472.03874444443,208388.7404600068,140.88888888888889,716248.3487,2395.0,17.0,10.823529411764707,-32079.01304705882,26.0,0.34615384615384615,2857.0,170905.1269,1,10,27,5,6
AetrqKMgn6Q5LCvRBShnu5DGM5qz4CSHURzUccgDpump,VEESA,VEESAINC,solana,3.0,373714.96706666664,688641.8832873333,257.0,1221144.9012,1622.0,7.0,33.142857142857146,-123948.18037142858,10.0,0.3,1909.0,353507.6386,0,3,10,5,6
zGh48JtNHVBb5evgoZLXwgPD2Qu4MhkWdJLGDAupump,RETIRE,The Last Play,solana,7.0,1453220.5250000001,14235.148885420427,2.4285714285714284,10272543.675,15554.0,756.0,-0.48677248677248675,-9561.734240343916,763.0,0.009174311926605505,15574.0,3043872.5893,0,7,763,4,4
avaxGHCq3T7hoxd73oY2KY9hJSTaeMibXvHy5KNzh5D,AVAX,Avalanche,solana,106.0,1120.5792320754715,15662.362545968954,2.981132075471698,218781.3986,323.0,377.0,-0.1830238726790451,-68.849449867374,483.0,0.2194616977225673,324.0,192825.156,0,106,476,4,4
2KGmEy1MSNVUvkvXW3dzPgG6oPiEXD2NxdPte7KApump,DLSS5,DLSS 5 memes,solana,17.0,24009.47217235294,162645.06934665484,13.941176470588236,508161.02693,1382.0,9.0,2.0,-42468.842114444444,26.0,0.6538461538461539,1593.0,125941.4479,0,17,26,5,6
4TyZGqRLG3VcHTGMcLBoPUmqYitMVojXinAmkL8xpump,TESTICLE,testicle,solana,497.0,47393.74605774648,73845.73205588687,16.016096579476862,23654691.7907,8374.0,421.0,5.460807600950119,-39428.82812779097,918.0,0.5413943355119826,10673.0,7055155.1489,4,501,922,1,5
BgtczEGgf9mZMcGBLi4J5Pn8PtmFy6Xz5uBKkMfspump,Gany,Gany,solana,13.0,42381.845792307686,313307.43587299506,145.6153846153846,650963.9953,2861.0,16.0,-7.875,-28692.647768749997,29.0,0.4482758620689655,3083.0,191881.631,0,13,29,5,6
Cm6fNnMk7NfzStP9CZpsQA2v3jjzbcYGAxdJySmHpump,BUTTCOIN,Buttcoin,solana,704.0,68769.1265174716,154309.60769480185,18.95028409090909,48513465.0683,13923.0,282.0,1.3829787234042554,-121263.01694539007,986.0,0.7139959432048681,14549.0,14317294.2897,1,705,987,1,5
Bb4jR951QtVjeFAYFLBYXDSMKjbTDroCLPbFLdd7pump,MEMECOIN,just a memecoin,solana,78.0,114031.36451153846,19032.30099901195,21.525641025641026,8994446.4319,1937.0,222.0,16.52252252252252,-6844.9415504504495,300.0,0.26,5698.0,7474869.4077,0,78,300,4,4
2pjcq9k2X5oSArNKiVeQ2ENB63eJt8pwCabciGQGpump,Optimistic,Optimistic Minion,solana,100.0,13933.216854,76883.00969903203,29.91,1493321.6854,3519.0,37.0,-6.054054054054054,-28865.987137837838,137.0,0.7299270072992701,3599.0,425280.1613,4,104,141,5,6
JCcd7NmyHVmiuycHP6drEesBSZhZUJXhBMbhxq42RNg3,WRT,World Rebuilding Trust,solana,73.0,35443.89105164383,12750.189060448312,0.0,2687404.04677,0.0,50.0,0.0,-53495.783163399996,123.0,0.5934959349593496,39.0,12614.8886,0,73,123,0,3
3a3ijue9qX1uvGvxyTtdsyAsgNuYP3nuCMyJtrZ8e38n,Chuck,Chuck Norris Never Dies,solana,1.0,559133.05692,2814727.8758916203,1104.0,659133.05692,2830.0,22.0,28.863636363636363,-21815.613364545454,23.0,0.043478260869565216,3570.0,179189.5629,0,1,23,5,6
7mtXLUoAcT9Sxrf1K5PjSmfkPbYMyMP5pmrdFFixbonk,NOTHING,Nothing To Lose,solana,21.0,79489.2522952381,243880.11978708903,132.61904761904762,1769274.2982,3711.0,16.0,-17.875,-82848.7562375,37.0,0.5675675675675675,3818.0,443694.1984,0,21,37,5,6
CqkVmeyheEP6zuWDZKcywEJiqqHwqU6KAniVDjvJHihW,NBR,National Barrel Reserve,solana,31.0,24423.335335483873,2639062.8965014564,6.290322580645161,857123.3954,5259.0,1.0,-5108.0,-851172.38034,32.0,0.96875,5259.0,5951.01506,1,32,33,2,2
927pdppLekfgaVsS49gFcJhz8vpeHSHuHKSWo4Nqpump,PISS,pissmissle,solana,19.0,37970.82444736842,149141.19803748222,71.6842105263158,821445.6645,2317.0,21.0,-11.476190476190476,-29228.130399999995,40.0,0.475,2545.0,207654.9261,0,19,40,5,6
2TpMjYXnrgxoeVCq2i6EAR8vNWqe5MNvHCz3bENNpump,CHIBI,Chibification,solana,54.0,166940.0758287037,278813.88592954795,148.8148148148148,9114764.09475,9195.0,41.0,-2.658536585365854,-159447.25703536588,95.0,0.5684210526315789,10165.0,2577426.5563,17,71,112,5,6
GMvCfcZg8YvkkQmwDaAzCtHDrrEtgE74nQpQ7xNabonk,1,1 coin can change your life,solana,460.0,86306.2042878261,108872.18808881083,6.941304347826087,39800853.9724,10532.0,229.0,2.4366812227074237,-121804.94595371181,689.0,0.6676342525399129,11828.0,11907521.349,0,460,689,1,5
38PgzpJYu2HkiYvV8qePFakB8tuobPdGm2FFEn7Dpump,GORK,New XAI gork,solana,45.0,469148.4090711111,42295.45923661813,0.8666666666666667,21211678.4082,15883.0,308.0,-0.6103896103896104,-50288.839154220776,353.0,0.1274787535410765,15883.0,5722715.9487,0,45,352,4,4
BbiFLmfnbZPhm6hUCo78h5kAoAtwsXSHYjvDUHeNbonk,SOMETHING,Believe In Something,solana,21.0,27766.818276190475,135531.5252100707,73.38095238095238,683103.1838,2811.0,5.0,-69.6,-105879.46794,26.0,0.8076923076923077,2811.0,153705.8441,0,21,26,5,6
G492Y9hG9DzXxVj6FeqhrYaNngisiChMBeHTZ6NtXXsg,Aspen,Aspen,solana,2.0,477209.66524999996,1945571.288307495,158.0,1054419.3305,2257.0,13.0,26.307692307692307,-63766.92742307692,15.0,0.13333333333333333,3041.0,225449.274,0,2,15,5,6
J27UYHX5oeaG1YbUGQc8BmJySXDjNWChdGB2Pi2TMDAq,PCULE,Polycule,solana,912.0,60761.6046935307,25339.085555331127,1.236842105263158,55514583.4805,5153.0,327.0,1.4403669724770642,-120042.86304678897,1239.0,0.7360774818401937,5644.0,16260567.2642,0,891,1211,1,5
3mecmcGqs4q9RMzFKZFZTBEcbtA7SPFKPKb9kDvxpump,one,if memecoins have a million fans,solana,2.0,467538.2459,2100040.1824646243,815.0,1035076.4918,3408.0,22.0,3.1818181818181817,-32995.76350454545,24.0,0.08333333333333333,3546.0,309169.6947,0,2,24,5,6
5jYVapvGEnEBoWtAose6mtgryy9yeCk2TsTEgT4dA3oq,cowgorithm,cowgorithm,solana,13.0,20508.52129230769,94101.87582821747,35.15384615384615,366610.7768,1390.0,10.0,45.4,-26887.75675,23.0,0.5652173913043478,1928.0,97733.2093,2,15,25,5,6
34q2KmCvapecJgR6ZrtbCTrzZVtkt3a5mHEA3TuEsWYb,LOL,LOL,solana,259.0,36091.0613984556,100488.93344517435,26.223938223938223,9447584.9022,6974.0,10.0,22.7,-38053.227190000005,269.0,0.9628252788104089,7217.0,9067052.6303,1,260,270,1,5
4ybr1NZzY4AfXwFFi7SPbNEjVP6eMbxqGPazgqmZbonk,PIXEL,pixel,solana,1.0,226244.36930000002,1401026.63023266,0.0,326244.3693,1464.0,22.0,5.636363636363637,-11234.404295454546,22.0,0.045454545454545456,1664.0,79087.4748,0,0,22,5,6
9McvH6w97oewLmPxqQEoHUAv3u5iYMyQ9AeZZhguYf1T,ANON,HeyAnon,solana,315.0,31773.33860571429,7382.87564318878,0.006349206349206349,10108601.6608,11850.0,2452.0,-0.18433931484502447,-2888.376650856444,2767.0,0.11384170581857607,11854.0,3026302.1129,0,312,2727,4,4
BPxxfRCXkUVhig4HS1Lh7kZqV6SPJhzfEk4x6fVBjPCy,BP,Backpack,solana,1.0,264035104.4531,822485.0799536,0.0,264135104.4531,604.0,161.0,14.70807453416149,-664321.4146204968,161.0,0.006211180124223602,2974.0,157179356.6992,0,0,161,3,1
84cAEWqiDsV5xXh6CB69Hi3HcnumBbdjH4THfyorpump,7,The 7 Wanderers,solana,14.0,239233.35257857144,835856.4902345334,400.92857142857144,3449266.9361,6510.0,20.0,-28.0,-124753.6759,34.0,0.4117647058823529,7045.0,954193.4181,1,15,35,5,6
CB9dDufT3ZuQXqqSfa1c5kY935TEreyBw9XJXxHKpump,USDUC,unstable coin,solana,244.0,98501.21366024589,57363.411729356645,2.0040983606557377,24134296.1331,12638.0,456.0,0.6622807017543859,-37572.23202390351,700.0,0.3485714285714286,13071.0,7001358.3302,0,244,700,1,5
De1YMuyjsJ75n4kQxrEV587x4d4hiC2Vfn9He88gpump,Land,Feed a Nation,solana,1.0,205229.44040000002,567168.30986633,0.0,305229.4404,1326.0,9.0,5.444444444444445,-27760.567866666668,9.0,0.1111111111111111,1702.0,55384.3296,0,0,9,5,6
CARDSccUMFKoPRZxt5vt3ksUbxEFEcnZ3H2pd3dKxYjp,CARDS,Collector Crypt,solana,223.0,1395403.3451381165,75281.14229183206,-0.17937219730941703,311274945.9658,9547.0,618.0,-1.058252427184466,-367865.7074996763,841.0,0.26516052318668254,9649.0,83933938.731,0,223,841,4,4
CpP36fvZmbcDUH9tQihQZTcvH2ApwRzHh2pPojyWpump,DAPANG,Dà Pàng,solana,17.0,87340.30404117647,167438.71472317594,82.52941176470588,1584785.1687,1848.0,9.0,53.333333333333336,-132498.80053333333,26.0,0.6538461538461539,2452.0,392295.9639,0,17,26,5,6
AdMwJB8HT8Ad5iEg7BghnMxY99UYnKWu4zAznVD7pump,大胖,Da Pang The Leader,solana,21.0,27765.690209523807,171428.2698706954,31.428571428571427,683079.4944,1574.0,10.0,-22.6,-50261.640937000004,31.0,0.6774193548387096,1574.0,180463.08503,1,22,32,5,6
4Z9BHajcGCUQNpdPyuw5Unh31XvX2nu5CGdi9j7jpump,WOJAK,WOJAK COIN,solana,8.0,79910.5466,186423.5513681544,-0.375,739284.3728,1207.0,4.0,-22.5,-136097.0413,12.0,0.6666666666666666,1249.0,194896.2076,17,25,29,5,6
5yyF5FZRKSpRYzFRgucHRiAUJmk77aW4U9gdkhRSpump,TOGETHER,We Can Win Together,solana,1.0,728917.3992,2366522.96608764,0.0,828917.3992,2391.0,2.0,-533.5,-367601.78505,2.0,0.5,2391.0,93713.8291,0,0,2,2,2
CR8w8WPtu1eeHj3UTTNYXVe8WX81iT1JexvLemTrpump,VNUT,The Vaping Squirrel,solana,16.0,49678.3036875,362009.22345336503,136.875,894852.859,3446.0,11.0,-12.090909090909092,-60511.93660909092,27.0,0.5925925925925926,3823.0,229221.5563,2,18,29,5,6
MwzZZYSx3bLyRuxr7D24qsZignd27heyXx1uggUbonk,moon,to the moon,solana,1.0,115898.43059999999,1260759.79774501,200.0,215898.4306,1016.0,4.0,-55.25,-43226.356429499996,5.0,0.2,1016.0,42993.004882,0,1,5,5,6
EVamkzzXKUmxKoxJ6R4E21JhFQq2HyyGs6rbqvHkpump,CORG,Corgicoin,solana,4.0,131768.5178325,519581.07005316747,317.75,627074.07133,1806.0,21.0,-1.8571428571428572,-22206.93905380952,25.0,0.16,2110.0,160728.3512,6,10,31,5,6
FtSRgyCEhKTc1PPgEAXvuHN3NyiP6LS9uyB28KCN3CAP,CAPTCHA,Captcha (captcha.social),solana,5.0,1206084.82772,1124991.0556545125,744.8,6130424.1386,4050.0,24.0,50.166666666666664,-179917.99698333335,29.0,0.1724137931034483,5284.0,1812392.211,4,9,33,5,6
6yjNqPzTSanBWSa6dxVEgTjePXBrZ2FoHLDQwYwEsyM6,CHUD,Chudjak,solana,4152.0,919.7744658236995,1152.9961248273644,0.08670520231213873,3918903.5821,5291.0,169.0,-0.21301775147928995,-12571.206927218936,4321.0,0.9608886831751909,5472.0,1794369.6114,0,3821,3990,1,5
DnjT8CjdxUCBhDjv2fW6w6b7w3JRRhfRwEnP8Kiapump,LEGACY,The Legacy Coin,solana,46.0,23364.224834782606,66238.16855510777,49.80434782608695,1174754.3424,2512.0,46.0,0.6739130434782609,-18265.764423913042,92.0,0.5,2609.0,334529.1789,3,49,95,5,6
6MFiqqkS4MUwmkoa8sj5UJcFzJGVxHD1yEpoyRRUdoge,TARO,Ryotaro,solana,42.0,28696.55229047619,67664.51955312122,62.404761904761905,1305255.1962,2903.0,54.0,-1.4814814814814814,-18055.677985185182,96.0,0.4375,3138.0,330248.585,0,42,96,5,6
VDoRrZix72Er41foJAdKrwFqYNozPbktuPa4Xy1A7Au,VDOR,Vanguard Digital Oil Reserve,solana,224.0,69454.00354598214,32663.379434337057,103.46875,15657696.7943,23177.0,1.0,0.0,0.0,224.0,1.0,23177.0,15657696.7943,0,205,205,1,5
J3HZ1sxS2U8wK9wMuTujdv47PCfah4TzkWoFSEnzpump,GREG,Greg,solana,21.0,58921.26636190476,196316.78287754094,117.57142857142857,1337346.5936,3194.0,11.0,-25.545454545454547,-87938.25254545455,32.0,0.65625,3287.0,370025.8156,0,21,32,5,6
GFik7LH45rqwGjSp73zsnX4DPtx3G1opUqPEEuBApump,Kirkski,Kirkski,solana,6.0,80105.64203333332,421251.3364415237,85.83333333333333,580633.8522,1680.0,12.0,-18.083333333333332,-35948.22291666666,18.0,0.3333333333333333,1680.0,149255.1772,1,7,19,5,6
8J69rbLTzWWgUJziFY8jeu5tDwEPBwUz4pKBMr5rpump,WOJAK,Wojak,solana,598.0,99586.88956270902,98369.0116101819,12.24581939799331,59652959.9585,7484.0,1162.0,3.982788296041308,-36210.950815662654,1760.0,0.3397727272727273,12112.0,17575835.1107,17,615,1777,1,5
HmBdm8vbisABUjkxms6ZUnoaXbfwFM6ymxShWfAENaoi,EITHER,Eitherway,solana,119.0,123349.80995042017,80683.79308144501,17.470588235294116,14778627.3841,2139.0,15.0,5.866666666666666,-116922.2222353333,134.0,0.8880597014925373,2227.0,13024794.05057,0,119,134,5,6
76hap4pCzcAzJmxAxHJbckzYKkN1rj67xW1ws8n5pump,FROG,Rocket Frog,solana,5.0,55002.53632,600617.111455561,45.2,375012.6816,1598.0,2.0,39.5,-136898.00345000002,7.0,0.7142857142857143,1879.0,101216.6747,0,5,7,5,6
Hi96cMut8mNhDyN2Uk4CPvjtcv5qP3wvoP7cvSaoBAGS,GTCHI,GTCHI,solana,1.0,116902.6312,467718.24279105,0.0,216902.6312,617.0,3.0,33.0,-55389.142433333334,3.0,0.3333333333333333,946.0,50735.2039,1,1,4,5,6
91E4cACQcnWDf7wYmwwM81HjLvCe6FR6vDT518ospump,Deadwhale,Deadwhale,solana,14.0,79530.6030142857,169615.97572686942,166.35714285714286,1213428.4422,3368.0,6.0,17.0,-146531.34898333333,20.0,0.7,3862.0,334240.3483,1,15,21,5,6
VsyrrCK4zxkTF9RjHqkX9QpmKwTzkiUoNxMNuiFFGAA,VDOR,Vanguard Digital Oil Reserve,solana,7.0,64773.04428571429,1940976.6501817922,1058.5714285714287,553411.31,7505.0,3.0,-716.6666666666666,-184456.31373333334,10.0,0.7,7636.0,42.3688,0,7,10,2,2
2izfNJ5bACaQDKyqGUYicSKhFE963TnkBo9tWxiqpump,SWING,The Last Swing,solana,1.0,253988.87170000002,1030653.61734676,0.0,353988.8717,1563.0,9.0,-31.555555555555557,-28049.56157777778,9.0,0.1111111111111111,1642.0,101542.8175,1,1,10,5,6
2ATgFjsmxihaSsXftdcLbBugnEhLLhbEjbc6Axjfpump,FOMO,fomo... everywhere,solana,1.0,99063.1343,1306902.10485223,0.0,199063.1343,1574.0,3.0,-207.0,-57352.410533333335,3.0,0.3333333333333333,1574.0,27005.9027,1,1,4,2,2
4Y2rqDQxGkiBLTzY5QDgy7K9GnSu6UoJZQxLoRY9qMzW,ATK,Agent Trade Kit,solana,15.0,44682.23810666667,620923.3956832723,407.6,770233.5716,6189.0,10.0,-614.1,-77020.21529,25.0,0.6,6310.0,31.4187,1,16,26,5,6
9YiTzXRbgoE1MtyxQ4sGF3vbdX944HNdcBmVpPQppump,umi,umi,solana,35.0,20338.581462857142,92012.19208016426,28.17142857142857,811850.3512,2354.0,22.0,-5.818181818181818,-8209.301063636365,57.0,0.6140350877192983,2392.0,631245.7278,0,35,57,5,6
At3Uqt8xDzzyCiGGTSHeE2WYDF38FaKzzDopqz8MQGgE,SSTR,Solana Strategy,solana,6.0,99345.90151666668,999160.2288545854,1028.3333333333333,696075.4091,6276.0,1.0,-6146.0,-695680.601,7.0,0.8571428571428571,6356.0,394.8081,0,6,7,2,2
7LiXn3k8ZS2QYsHVJGdUudgrwiczo6iMtxUbt8e2j8ky,TRASHCAN,trash can,solana,15.0,37987.869478,211288.58907130873,106.6,669818.04217,2724.0,4.0,-19.5,-128521.3441175,19.0,0.7894736842105263,2765.0,155732.6657,4,19,23,5,6
53ZyxZho2VkFNd3MyxNHFdsNss6tvuBLa4KsdyHAKggj,OpenClaw,OpenClaw Ai🦞,solana,7.0,103053.50235714286,703400.9960088972,1583.857142857143,821374.5165,12091.0,1.0,-8805.0,-818169.0172,8.0,0.875,12091.0,3205.4993,1,8,9,2,2
F8Pz2mx7V8exRkBNFzvpkZAwjNPxWPGqzYJL2ckrpump,PERK,PERK,solana,14.0,78170.9478,126975.8939601787,76.21428571428571,1194393.2692,2173.0,1.0,23.0,-110712.66519999993,15.0,0.9333333333333333,2196.0,1083680.604,1,15,16,5,6
HhqXdYiwHYhtcz243kHwHUS9bkCbDqSoHzx6GZ7pnqG1,IRAN,IRAN WAR OIL,solana,4.0,116997.326175,1279691.0060926063,2080.5,567989.3047,8402.0,1.0,-7075.0,-566907.8354,5.0,0.8,8402.0,1081.4693,0,4,5,2,2
soKqZS9pASwBNS46G388nhK7XVtPaTyReffXEd3zora,ZORA,ZORA,solana,411.0,19242.750198540147,3740.7154472523353,0.7712895377128953,8008770.3316,317.0,1430.0,0.46923076923076923,-3417.731964475525,1841.0,0.22324823465507876,988.0,3121413.6224,0,161,1282,4,4
6ut5htmmVmGazdKbZrT3ykfqgckrSxgGSyiSEPypump,KID,The Gaza Kid,solana,8.0,60632.6717875,213021.18233794125,90.625,585061.3743,1715.0,1.0,121.0,-16479.06660000002,9.0,0.8888888888888888,1836.0,568582.3077,1,9,10,5,6
8hnMfF4XL717GVwzDmvqjJvULozKW6w7BhHFABjvHje4,simulator,simulator,solana,1.0,499222.68220000004,1768582.507458,826.0,599222.6822,2202.0,11.0,-63.09090909090909,-41868.008481818186,12.0,0.08333333333333333,2202.0,138674.5889,0,1,12,5,6
8XtRWb4uAAJFMP4QQhoYYCWR6XXb7ybcCdiqPwz9s5WS,ALON,alon,solana,1.0,5303544.001754,1374.43779542,-2.0,5403544.001754,15101.0,1762.0,-0.3132803632236095,-2159.203299519864,1763.0,0.0005672149744753262,15103.0,1599027.788,0,1,1703,4,4
2isqWLSp4HXEuouuxqcHXXyHH5GU6L44J11yZ5VhDjvb,WTI,WTI CRUDE OIL,solana,7.0,1209.638500000001,264501.69794384285,404.42857142857144,108467.4695,9713.0,2.0,-4810.5,-54229.965500000006,9.0,0.7777777777777778,10101.0,7.5385,11,18,20,2,2
G2zYxmCbGqmJPA2w5jitxthuFSj1kvpa5D1CJoembonk,rocky,good boy rocky,solana,6.0,77062.55166666668,174766.378211785,36.166666666666664,562375.31,1871.0,3.0,7.333333333333333,-25959.93333333335,9.0,0.6666666666666666,1893.0,484495.51,0,6,9,5,6
8Jx8AAHj86wbQgUTjGuj6GTTL5Ps3cqxKRTvpaJApump,PENGUIN,Nietzschean Penguin,solana,192.0,802384.376421875,568348.3423891476,220.02083333333334,154157800.273,42476.0,163.0,9.791411042944786,-676630.6145312883,355.0,0.5408450704225352,46456.0,43867010.1044,4,196,359,5,6
HZRCwxP2Vq9PCpPXooayhJ2bxTpo5xfpQrwB1svh332p,LDO,Lido DAO Token (Wormhole),solana,1.0,210488.34649999999,5.662922604,0.0,310488.3465,714.0,2766.0,0.0,-79.14840043383948,2767.0,0.0003614022406938923,714.0,91563.8709,0,1,359,4,4
DbvoRFAeTKropM5z1KxZwa19tCqasYXU8LTTEY1L57Gf,USⅮΤ,Τeth℮r,solana,143.0,2101484163.5546525,2.1580438563846154,0.0,300512335388.3153,0.0,21.0,0.0,-10042076890.997786,164.0,0.8719512195121951,0.0,89628720677.3618,0,44,47,3,1
b6tCZBBD21dFxa1R5tULY1BdJkxCserENFyvseWpump,SOLBOY,SOLBOY,solana,335.0,487.2287411940298,326.53616085049134,-0.11940298507462686,263221.6283,1749.0,131.0,-0.007633587786259542,-724.8596004580152,466.0,0.7188841201716738,1791.0,168265.02064,0,294,399,1,5
sTorERYB6xAZ1SSbwpK3zoK2EEwbBrc7TZAzg1uCGiH,stORE,Staked ORE,solana,105.0,18620.617275238095,242.87305331589528,0.38095238095238093,2055164.8139,507.0,297.0,0.12457912457912458,-2385.4925717171714,402.0,0.26119402985074625,545.0,1346673.5201,0,105,399,4,4
NX8DuAWprqWAYDvpkkuhKnPfGRXQQhgiw85pCkgvFYk,NX8,The Future Of Finance Index,solana,108.0,42901.132299074074,5622.040458757269,0.16666666666666666,4733322.2883,585.0,291.0,0.16838487972508592,-709.7831195876278,399.0,0.2706766917293233,634.0,4526775.4005,0,108,399,4,4
EjAMzdQYsc75wUaLsFNNAEW9Qg9pN5ZoposDdTXQkMFB,LUSH,Lush,solana,355.0,7273938.563380281,11531.140465816114,0.0,2582348190.0,0.0,124.0,0.0,-1610567.7741935484,479.0,0.7411273486430062,0.0,2382637786.0,0,355,399,3,1
BzMWbt7ko3P8c457gzxuBCCt6q73sJyG98nQNeTfcCom,ESF,Eternal Stake Finance,solana,221.0,3484.657129411765,51.02697414491086,0.004524886877828055,870109.2256,310.0,234.0,0.008547008547008548,-522.6409572649575,455.0,0.4857142857142857,314.0,747811.2416,0,198,399,1,5
Fcj1ovUMsHuv4my85QCdvZDsHKHTXy7k5qvbZJdy499n,fish,rainbowfish,solana,21.0,428666.6830380953,1773.0599120000002,0.0,9102000.3438,0.0,704.0,0.0,-3.914768892046678,725.0,0.028965517241379312,0.0,9099244.3465,0,2,31,4,4
jkAWzPumRhJE2KyqVy4kB7m9KwXBeSEXnFAGoWtpump,CLAUDE,make no mistakes,solana,289.0,2406.095652249135,589.4416989157608,-0.24567474048442905,795361.6435,2147.0,225.0,-0.057777777777777775,-1728.8616684444446,514.0,0.5622568093385214,2218.0,406367.7681,0,222,399,1,5
4hqGvMRRHLWKcHFAkLscuzMTP1YBJoBDzkDpKi43kD4M,MEV,MEV,solana,696.0,1334466.4041666666,0.9911065040790231,0.0,928888617.3,0.0,22.0,0.0,-2162588.195454538,718.0,0.9693593314763231,0.0,881311677.0000001,0,158,180,3,1
7GxATsNMnaC88vdwd2t3mwrFuQwwGvmYPrUQ4D6FotXk,jlJUPUSD,jupiter lend JUPUSD,solana,694.0,144649.09094769452,52.16125434342795,0.515850144092219,100486469.1177,3079.0,12.0,-0.4166666666666667,-172272.4274999996,706.0,0.9830028328611898,3079.0,98419199.9877,0,393,399,1,5
JuprjznTrTSp2UFa3ZBUFgwdAmtZCq4MQCwysN55USD,JupUSD,Jupiter USD,solana,67.0,1206893.0038955226,96530.95339697061,3.029850746268657,80961831.261,5821.0,407.0,1.796068796068796,-924.9392928747272,474.0,0.14135021097046413,6599.0,80585380.9688,0,55,399,4,4
Ag7XCgPqzrqEo7kaNjA4UXfw9buSwBQooy3uh46vfuFe,ЅΟⅬ,Ѕօlana,solana,219.0,264810362597.15393,88.4373417924475,0.8812785388127854,57993469508776.71,194.0,1898.0,1.8113804004214964,-13962449182.846975,2117.0,0.10344827586206896,3632.0,31492740959733.152,0,30,167,3,1
STBuyENwJ1GP4yNZCjwavn92wYLEY3t5S1kVS5kwyS1,STB,stabble,solana,601.0,1576.4309016638936,53.76408571085574,0.0,1047434.9719,3810.0,16.0,0.0,-3176.1420687499995,617.0,0.9740680713128039,3810.0,996616.6988,0,387,399,1,5
BRrc4qh3t1wpE97FETgea1DEefu8A95Cu3g9vcN5pump,YAJUCoin,淫夢 1145141919810 ,solana,388.0,526.8765914948453,412.6680026714988,-0.30670103092783507,304428.1175,9707.0,164.0,0.3048780487804878,-1191.346675609756,552.0,0.7028985507246377,9867.0,109047.2627,0,267,399,1,5
9XaLLB7SjM75eQMh6Gy1VEFfbXFwJSJrFQkJEzXfWaRF,WTI,Crude Oil,solana,29.0,2032205.7259424138,417.55643051482764,0.0,59033966.05233,0.0,41.0,0.0,-67710.08980317086,70.0,0.4142857142857143,0.0,56257852.3704,0,29,69,0,3
4CLVt6tfyXchcJGsFN2bVWct9QKJHSARnJ8Sw4TnNnYb,NATC,NATC ORIGINAL,solana,48.0,436732.9583333333,393.75564093687495,0.25,21063182.0,13.0,25.0,0.0,-612921.88,73.0,0.6575342465753424,13.0,5740135.0,0,17,24,0,3
CxwWg7XfsM7QiPBqxVR2QsSfdiTbe76AYAP9wL1sxm8e,ΕURС,ΕURС,solana,4.0,28688022395.0,2313.26562424475,0.0,114752189580.0,1.0,1590.0,1.3427672955974843,-185729.72327043067,1594.0,0.002509410288582183,2136.0,114456879320.00002,0,3,16,3,1
QnKcvcZ24EGHjPvweLKsccjsM5VEWjjV5GLLBVJ3wkr,SICE,Sixpence,solana,40.0,30949.208000000002,1971.136083045225,0.025,1337968.32,1262.0,359.0,-0.008356545961002786,-124.00467966573864,399.0,0.10025062656641603,1262.0,1293450.64,0,40,399,4,4
GCGXumhEaJoV9w4BRkC8Xw4jBGx6iv5PgrMgBd8SSD1c,ՍSDΤ   , Τether  ,solana,191.0,990009207.5781932,2455.0427755547116,2.0785340314136125,189091858647.4349,398.0,477.0,0.05660377358490566,-342719061.97450024,668.0,0.28592814371257486,425.0,25614866085.5983,0,20,30,3,1
88Y6SgS6hyFBryYSeCCkmvA6WL1coLXRx2SiDPafahsg,DFE,DFE,solana,50.0,10815015.22,4.767916399,0.0,540850761.0,0.0,1725.0,0.0,-75577.16347826087,1775.0,0.028169014084507043,0.0,410480154.0,0,33,211,3,1
2VZ46wWbwrQYbRFqRR3Kx68PS9ifVUPPiDmfmMrscDcX,LACD,LacDragon,solana,7.0,142450.5,7.621806764285713,0.0,1097153.5,293.0,2237.0,0.33124720607957087,-24.487125614662475,2244.0,0.0031194295900178253,1034.0,1042375.8,0,6,276,4,4
7e6M8j6epVp96pLmTUku9LFDnLRJqzQUtNtDtvr8dhJd,ЅՕL,Ѕօlana,solana,264.0,55001641772.70706,57.56652841988637,0.9393939393939394,14520433527994.664,249.0,1967.0,0.6802236908998475,-3225092041.7558436,2231.0,0.1183325862841775,1587.0,8176677481860.92,0,10,147,3,1
6f4N1riapy2PzJR9ZE8kR9hTUrYNhQFZCF9rXu1QyVj3,USⅮΤ,Τeth℮r,solana,132.0,872467135.9181607,345.8565257060916,2.5303030303030303,115165761941.1972,335.0,61.0,2.442622950819672,-1862798752.1634083,193.0,0.6839378238341969,484.0,1535038059.2293,0,111,125,3,1
884aCANKwx6dCuo1wuKoQ7X3LK8QprFmwj66zPF39b5F,USⅮΤ,Teťher,solana,436.0,2567862041.135468,53.60662689535294,0.0,1119587949935.064,0.0,61.0,0.0,-16020294261.365908,497.0,0.8772635814889336,0.0,142349999991.7437,0,60,62,3,1
6GihmsqNR21azuRuHgbjQxcDoxX7xgqqs58PQkyxpump,POLLY ,Polly Penguin,solana,467.0,258.32659357601716,185.75199374481045,-0.18843683083511778,220638.5192,2795.0,34.0,-0.14705882352941177,-743.707891176471,501.0,0.9321357285429142,2883.0,195352.4509,0,375,399,1,5
Gqqdgfkn7bcsuBQZEk9oMBkqCv1bRXvPmTLs3sQ9pump,PEPONK,Peponk,solana,623.0,344.23656886035315,165.7456370883386,0.06581059390048154,314459.3824,721.0,14.0,1.5714285714285714,-2591.5910357142857,637.0,0.978021978021978,743.0,278177.1079,0,385,399,1,5
ESsCdmGyPK9sostFbWV5iM6owxcqsGNfBQaj3xkAkREV,CRYPTOK,CrypTok,solana,302.0,1028.1186092715232,151.4295459952331,0.16556291390728478,410491.82,336.0,330.0,0.02727272727272727,-227.3964054606061,632.0,0.4778481012658228,347.0,335451.006198,0,182,399,1,5
mtnc7NNSpAJuvYNmayXU63WhWZGgFzwQ2yeYWqemeta,MTN,mtnCapital,solana,3539.0,948.0442367335405,36.33397102204182,-0.03475558067250636,3455128.5538,656.0,1362.0,0.0,-209.04106556534495,4901.0,0.7220975311160988,779.0,3170414.6225,0,366,399,1,5
9FyERA7vjSDXVEGDskjYjTfymQ7XTqJt6dbVDCWmpump,GALI,GalianoTiramani,solana,86.0,1913.7164604651166,100.98540897155813,0.046511627906976744,264579.6156,324.0,779.0,-0.007702182284980745,-208.8035260590501,865.0,0.09942196531791908,330.0,101921.6688,0,52,399,4,4
13SAQgT5yMz163pfbNBVNSEs2iU3j5goJJCafa64iqbx,RS,Ceyloncoin,solana,94.0,19685.034974468083,218.92737769042554,0.8723404255319149,1950393.2876,1422.0,423.0,0.47754137115839246,-591.0426841607564,517.0,0.18181818181818182,1624.0,1700382.2322,0,78,399,4,4
8Sjs9WohLUMc7c8ham84moAoq7HrsZcoANoh6sQov9c4,USDT,Tether,solana,14.0,391240154.9189714,1523.4188000315003,0.0,5477462168.8656,507.0,543.0,0.06077348066298342,-9104343.530731492,557.0,0.025134649910233394,540.0,533803631.6784,0,14,340,3,1
HkK7t4Y8TA3pGSH5TvYwqA2FsBjdBK3wX9u473UHG17j,PHLIQ,PHLIQ,solana,1843.0,136.6573978296256,21.687412044948452,0.555615843733044,351859.5842,1025.0,129.0,0.031007751937984496,-487.3457503875969,1972.0,0.9345841784989858,1029.0,288991.9824,0,345,355,1,5
aqQRs3UJmHs7ktoLo46HZAzvG9P3oCoZ41nENqFbory,PIE,Alpie,solana,39.0,11209.457912820513,525.8050230248718,0.0,537168.8586,669.0,579.0,-0.03454231433506045,-460.1344839378239,618.0,0.06310679611650485,684.0,270750.9924,0,32,399,4,4
axUxN2q4AWzHaU6LXmjqQh7KEjaXDPKScjmzwEBpump,Grandma,Minecraft Grandma Fund,solana,8.0,39617.9119625,224.188305269875,0.0,416943.2957,6188.0,471.0,-0.3078556263269639,-162.49911443736738,479.0,0.016701461377870562,6188.0,340406.2128,0,6,399,4,4
CDiY6f52cwVu8qAT6Xzhgs5bKsWroY1so7jEbxPsP3Yp,PLS,PLS,solana,1917.0,1706303.2228482002,1.3192606042603028,0.0,3271083278.2,0.0,1.0,0.0,0.0,1917.0,1.0,0.0,3271083278.2,0,399,399,1,5
CB6iSZtmYHATTKFf29QD4jZPSTeMzVdPP1Vfyr1eKdc8,RLK,RLK,solana,4.0,227588625.4,6.4999157499999995,0.0,910454501.6,0.0,399.0,0.0,-376491.36140350887,403.0,0.009925558312655087,0.0,760234448.4,0,4,368,3,1
7eFjk6eHqDTHVH6Tucd19L6LpY2qCZQBMUG9scqBzSgZ,MND,MND,solana,6.0,141845531.53331667,7.442173165,0.0,851173189.1999,0.0,397.0,0.0,-165693.22821158697,403.0,0.01488833746898263,0.0,785392977.5999,0,6,378,3,1
7d9wmu781coKuZ8RCj6xwGV5RB1xZAACRjZfJaCCZjrp,FLB,FLB,solana,6.0,232017262.93326667,2.854801998333334,0.0,1392203577.5996,0.0,917.0,0.0,-108759.83514503825,923.0,0.0065005417118093175,0.0,1292470808.7716,0,6,399,3,1
59nzDoRyJ1QcLcFYFs4GVdeZ4qUEb16T2KNuHPWMpump,UNTIL,Until,solana,8.0,574634.426675,318.34773396715,0.0,4697075.4134,1132.0,97.0,0.041237113402061855,-39958.209329896905,105.0,0.0761904761904762,1147.0,821129.1084,0,7,96,4,4
Bat1nupzxnKxFsTNzz2wF9r2HpdRqh2WFqFrbKsKgge8,KEYL,KeyneSOL,solana,1.0,161950.633,19624.67941239,0.0,261950.633,1.0,1992.0,0.4467871485943775,-78.75782456325301,1992.0,0.000502008032128514,932.0,105065.04647,0,0,260,4,4
HkfwzvoxyiXk3t1zfFuodeyEJ31N2GceJLnxQdryHWYQ,U.S Oil,USOR,solana,5.0,4483622.1688,8040.756942724201,0.0,22518110.844,0.0,1.0,0.0,-21703205.2294,6.0,0.8333333333333334,0.0,814905.6146,0,5,6,0,3
3vZY2MKBzRMoT4nGUCWYzXPTES2jLaLNMV8Fn5cKpump,Token,Tokenization,solana,1.0,271248.2167,10.1529634,0.0,371248.2167,1174.0,228.0,-0.09210526315789473,-1178.2917162280703,228.0,0.0043859649122807015,1193.0,102597.7054,0,0,184,4,4
9AyLH5Puifc7v9MkTgA36JabS4wiVTEZ3aEPeNoTpump,CORTISOL,Cortisol Level,solana,239.0,667.2845741841005,1064.8908417648042,0.03347280334728033,259481.01323,876.0,199.0,-0.10552763819095477,-508.16877854271365,438.0,0.545662100456621,936.0,158355.4263,0,221,399,1,5
9XUMSDaKnvV2FT56Wj87JLJ29x3cr6MfW6aKxZx5d9ff,ՍSDT,Tether      ,solana,1.0,200162361919.9593,15429.26467199,0.0,200162461919.9593,1.0,1976.0,0.35880566801619435,-82217.5961332437,1976.0,0.0005060728744939271,710.0,199999999950.0,0,0,32,3,1
Ho5fkxk9uqUuVN5kt7TUFacduWCpKPAuYkM9HD3KAXA2,$NYC,NYC,solana,1.0,180111097.3852,25777272.70222912,0.0,180211097.3852,1.0,2001.0,0.23888055972013994,-46887.44749250374,2001.0,0.0004997501249375312,770.0,86389314.9527,0,0,370,3,1
stke7uu3fXHsGqKVVjKnkmj65LRPVrqr4bLG2SJg7rh,STKESOL,STKE SOL,solana,127.0,577692.4492785826,64.65973790545584,0.15748031496062992,73466941.05838,1110.0,506.0,0.2134387351778656,-24650.075035612634,633.0,0.20063191153238547,1226.0,60994003.09036,0,86,399,4,4
G39ueX81pn3pLKwVCp61mP9LT3wXFj8RF4Jaj4Ctm7KK,PsyopAnime,PsyopAnime,solana,2.0,9003642.1655,14023.618600995,0.0,18107284.331,0.0,1877.0,0.0,-4.672761534364,1879.0,0.0010643959552953698,0.0,18098513.5576,0,2,41,4,4
HGWYEa3x9652MWXf1CNFiZ2wRnuKnxGw2PFisoaKesFX,USDT,Tether,solana,28.0,36979979.63904643,31.210168913464287,0.10714285714285714,1035539429.8933,4.0,1155.0,0.23636363636363636,-390439.38670744596,1183.0,0.023668639053254437,277.0,584581938.2462,0,11,41,3,1
StargWr5r6r8gZSjmEKGZ1dmvKWkj79r2z1xqjFstar,STAR,star,solana,112.0,22235.752180357144,1593.7923858301613,0.008928571428571428,2590404.2442,739.0,417.0,-0.11270983213429256,-4426.4394633093525,529.0,0.21172022684310018,750.0,744578.988,0,54,197,4,4
5uWGPpojGvoo2JvYsYx4TwSbxPEhoV9XSBK3bAKC3nqy,AUX,AUX,solana,165.0,6477014.593939394,0.7693736478721213,0.0,1068807408.0,0.0,749.0,0.0,-43175.006675700955,914.0,0.18052516411378555,0.0,1036469327.9999,0,103,399,3,1
RNGRtJMbCveqCp7AC6U95KmrdKecFckaJZiWbPGmeta,RNGR,Ranger,solana,368.0,9946.746167934783,127.34048500772988,-0.7065217391304348,3760402.5898,2729.0,290.0,-1.1586206896551725,-9907.796163793104,658.0,0.5592705167173252,2989.0,887141.7023,0,61,226,1,5
34fyipz7GhDM7HFaF3uB9RNg78C316juHGvE1ki44A5n,AVASOL,AVASOL,solana,392.0,63282.5,7.4046575341339285,0.0,24906740.0,0.0,7.0,0.0,-133500.7142857143,399.0,0.9824561403508771,0.0,23972235.0,0,392,399,0,3
HAcn2z7cKjkaXVEkhNjVxGb41PQ6A2b32aHtyMpYu7Er,DPPC,Decentrally Powered Project Coin,solana,294.0,4321237.991496598,60.551964086079245,0.0,1270543969.5,0.0,203.0,0.0,-2046835.4433497537,497.0,0.5915492957746479,0.0,855036374.5,0,276,399,3,1
9oVV8b1nLn2S1Y7FBU7gN1xNt5SRzizfeFpFxQc5QpZQ,testicle,testicle,solana,1.0,16007608.4029,97291.64969899,0.0,16107608.4029,1.0,2067.0,0.20561199806482824,-5.109679680696117,2067.0,0.0004837929366231253,429.0,16097046.695,0,0,28,4,4
6e2emEWn5XRUhZWWHiY5wNik3p9g3hVh2w4aozb6tufH,SOP,SYMBOL OF PURPOSE,solana,7.0,8749680.982471429,5.636018134857143,0.7142857142857143,61347766.8773,192.0,28.0,-0.25,-1647553.4252785717,35.0,0.2,192.0,15216270.9695,0,2,24,3,1
MvuqSa8AbceTpNiC4sVAVePJMw1KxGA1tbzMVghorse,,,solana,109.0,40580.50152477064,202.242554613578,2.541284403669725,4523274.6662,5112.0,128.0,0.5625,-27168.293673046872,237.0,0.459915611814346,5209.0,1045733.07605,0,86,177,1,5
2nP9yKQNSGQy851iyawDvBkzkK2R2aqKArQCKc2gpump,PsyopAnime,PsyopAnime,solana,10.0,448230.79501,5830.068548319,0.0,4582307.9501,11120.0,390.0,-0.2205128205128205,-3850.233101641026,400.0,0.025,11135.0,3080717.04046,0,10,399,4,4
2j2hpncKSv14NsG88gr34Z8vccUKGQEyokNsaKJZdZ4S,USDT,USDT,solana,881.0,1147144.3118893304,2.5174086310317816,0.0,1010734138.7745,0.0,800.0,0.0,-1212109.120795625,1681.0,0.5240928019036288,0.0,41046842.138,0,16,19,3,1
9zqre5sRRdFvKqyTyvEd1jcKDRF4g47s7mZSGUnQpump,boob,boob,solana,1.0,2995894.873,884.11647731,0.0,3095894.873,1633.0,402.0,0.17164179104477612,-607.293332089553,403.0,0.0024813895781637717,1702.0,2851762.9535,0,1,399,4,4
Gy55EJmheLyDXiZ7k7CW2FhunD1UgjQxQibuBn3Npump,KAMIYO,KAMIYO,solana,6.0,35633.6544,1679.646762865,0.0,313801.9264,822.0,615.0,-0.06504065040650407,-304.5967406504065,621.0,0.00966183574879227,839.0,126474.9309,0,5,399,4,4
JE8zmsKRivXggZsJxXHBdCkako85YawNtU5hqS4upump,PAX,Paxton Pengu,solana,323.0,1381.0828071207432,361.905651033921,-0.06811145510835913,546089.7467,1264.0,127.0,0.015748031496062992,-990.0792125984252,450.0,0.7177777777777777,1299.0,420349.6867,0,292,399,1,5
9w3bUaVcBmFrDZ6NRddNWetvKs969FqGv2yZUFoXCDbz,DEAD,DEADCANDLE,solana,19.0,47191.207494736846,2811.6334802846313,0.0,996632.9424,0.0,55.0,0.0,-17883.688440727274,74.0,0.25675675675675674,0.0,13030.07816,0,19,70,0,3
C7zZwC6YSuh7tTxnHGMjWBFkN5jdYJr2dqj53U6Tp6bQ,TOGORE,Togore Dreemurr,solana,172.0,838410.5813953489,14192.078733949234,26.697674418604652,144306620.0,82021.0,105.0,25.82857142857143,-998617.4285714285,277.0,0.6209386281588448,84733.0,39451790.0,0,172,277,5,6
Xs7ZdzSHLU9ftNJsii5fCeJhoRWSC32SQGzGQtePxNu,COINx,Coinbase xStock,solana,1.0,27758891.3563,639.017552,0.0,27858891.3563,1409.0,432.0,0.0,-10013.811612037036,432.0,0.0023148148148148147,1409.0,23532924.7399,0,0,399,4,4
C9HwNWaVVecVm35raAaZBXEa4sQF3hGXszhGKpy3pump,10K DOG,10K DOG,solana,100.0,5594.638596,124.392290610708,-0.07,659463.8596,1986.0,655.0,-0.04732824427480916,-506.84279587786256,755.0,0.13245033112582782,1993.0,327481.8283,0,54,399,4,4
GGEikGvJgRqgoFajyfMAsha5GjKg6suAmhBVW91zjupx,balls,balls,solana,19.0,9968.78702105263,244.93711215683686,-0.10526315789473684,289406.9534,1414.0,849.0,-0.028268551236749116,-118.74303651354533,868.0,0.021889400921658985,1416.0,188594.1154,0,15,399,4,4
ApBJY8Zx4Zeigc3AZHYMQaeipQLwHb8AT5LbPoLXYkDg,LS,LifeSol,solana,5.0,211802130000.0,221.05333759800004,0.0,1059010750000.0,2572.0,412.0,0.8786407766990292,-1378764975.7281554,417.0,0.011990407673860911,2934.0,490959580000.0,0,5,399,3,1
8d4D4FGUrbtTDucywowRD4AnizRKCr1YZaYQ74bRpump,ANIMAL,SEXY ANIMAL⭐️COIN,solana,98.0,2769.811462244898,1084.8822796570632,-0.2857142857142857,371441.5233,603.0,639.0,0.2190923317683881,-248.9957690140845,737.0,0.13297150610583447,746.0,212333.2269,0,70,399,4,4
4V63f1TWb1qhCK2d3CktsygJdsGmxK23cHRcajswYUSA,SOAR,Strategic American Oil Reserves,solana,375.0,1015.4318376,49.2407701014688,-0.021333333333333333,480786.9391,2424.0,552.0,-0.10326086956521739,-523.0715940217392,927.0,0.4045307443365696,2449.0,192051.4192,8,219,399,1,5
Dx2bQe2UPv4k3BmcW8G2KhaL5oKsxduM5XxLSV3Sbonk,Hosico,Hosico,solana,51.0,25173.87019215686,753.5959786060786,-0.13725490196078433,1383867.3798,1079.0,538.0,0.0687732342007435,-1214.8246726765801,589.0,0.0865874363327674,1122.0,730291.7059,0,45,399,4,4
LhcykxUt6xVdiSZyWyaGdNHE3W8sAEmdnEjpMdkpump,GG,Knockout Games,solana,1.0,3430127.9091,160.57938504999998,0.0,3530127.9091,0.0,1455.0,0.0,-1435.312080549828,1456.0,0.0006868131868131869,0.0,1441748.8319,0,1,399,4,4
SKRbvo6Gf7GondiT3BbTfuRDPqLWei4j2Qy2NPGZhW3,SKR,Seeker,solana,8.0,28071770.3636625,15407.088063760377,0.0,224674162.9093,36629.0,391.0,1.856777493606138,-118631.81341815856,399.0,0.020050125313283207,37355.0,178289123.8628,0,8,399,4,4
6NwarBvDkXhByqVp2Qkq5i9XbtA2B3Bwe8SWGu9vpump,Cupsey,Cupsey,solana,89.0,5104.726157303371,395.8127635195056,-0.15730337078651685,554320.628,911.0,463.0,-0.05183585313174946,-621.1227406047517,552.0,0.161231884057971,925.0,266740.7991,0,67,399,4,4
Dxg9cLvssqb1WEMpyynjf17kGRc4UTNyUqjzNj99opus,OPUS,Opus Genesis,solana,358.0,8988.702732402235,1238.8771640099849,0.18435754189944134,3317955.5782,754.0,588.0,0.14795918367346939,-2930.4180479591832,946.0,0.3784355179704017,841.0,1594869.766,0,157,399,1,5
EikyJKSVWPK28rX5FG8KyJcSzv3D2b2Qg7VodzqQoobe,OOBE,OOBE PROTOCOL,solana,32.0,17557.098840625,1182.626490833703,0.53125,661827.1629,380.0,625.0,0.016,-461.95101136,657.0,0.0487062404870624,403.0,373107.7808,0,30,399,4,4
FBaQqJAuYkuKQpAcDuHtuupSPpqi33fbTxKXSjLDQory,ORY,Orynth,solana,450.0,781.0349115555555,272.8447560491371,-0.04888888888888889,451465.7102,440.0,514.0,-0.019455252918287938,-524.3641340466926,964.0,0.46680497925311204,462.0,181942.5453,0,224,399,1,5
4wpmAnsNPBUjG8cxoe2LimkzfTXHuvxk4vPFbAfgwhgy,ՍSDΤ,Τether,solana,11.0,90971446.97349091,9.518627272636364,0.0,1000785916.7084,0.0,60.0,0.0,-165728.311501501,71.0,0.15492957746478872,0.0,990842218.01831,0,2,11,3,1
46x8wvrqzoXzWtMBAqQiw5ty8dVkfSzz9Y576QFipcAE,C1ON,BFS Coin,solana,24.0,277690.53592916665,2409.085199866125,0.0,6764572.8623,0.0,1.0,0.0,-6668673.2707,25.0,0.96,0.0,95899.5916,0,2,3,0,3
GKjAe1bQXXLoEitJYSuyw6qt97tTVoKkGEgWPEo6pump,Clippy,Clippy,solana,200.0,7246.267789,12268.250308337178,2.535,1549253.5578,3833.0,162.0,24.462962962962962,-6799.314523456791,362.0,0.5524861878453039,7877.0,447764.605,0,200,362,1,5
7jfLGV3eg2YyqhsaCkxSDibxP6Ew2FSXzRPB95kRF3ve,00,BFS,solana,1.0,1681296137.3776,1005.0,0.0,1681396137.3776,0.0,451.0,0.0,-22347.84998649663,451.0,0.0022172949002217295,0.0,1671317257.03369,0,0,11,3,1
AkgVdEH24cWSdzTf735SWESjsz4Y13m1u6AZcEmfpump,GREATWHITE,The Great White ,solana,16.0,3003.510168749999,139.69058228,-0.1875,148056.1627,800.0,409.0,0.039119804400977995,-58.71422278728602,425.0,0.03764705882352941,824.0,124042.04558,0,16,399,4,4
8116V1BW9zaXUM6pVhWVaAduKrLcEBi3RGXedKTrBAGS,GSD,Get Shit Done,solana,13.0,113929.44175384614,1534.1893122715387,0.0,1581082.7428,3080.0,432.0,-0.020833333333333332,-1333.3659124999997,445.0,0.029213483146067417,3080.0,1005068.6686,0,11,399,4,4
GnFMf6JVRhAqPbA9r8yW16xycynKNkXfbaYbusLEpump,ZReaL,Z李REAL SUPER COIN,solana,329.0,3638.8483662613985,453.2200837023496,-0.5714285714285714,1297181.1125,6136.0,164.0,-0.21341463414634146,-2750.8477506707322,493.0,0.6673427991886409,6324.0,846042.08139,0,270,399,1,5
9NiHcbT8EohKJid1RdU3232tATmM1CvYemTeCP5iwro,FCOD,Fcode AI,solana,21.0,18154.4127,50.22218889,0.0,481242.6667,1442.0,509.0,0.0,-268.9571548133596,530.0,0.03962264150943396,1442.0,344343.4749,0,21,399,4,4
EygStH4gHv1h4E8w4raYv6NGsrDiij3nbfCc26iTpump,LARP,Live Action Roleplay,solana,96.0,2284.2623500000004,1856.6481708108543,-1.1979166666666667,319289.1856,640.0,324.0,-0.027777777777777776,-532.1412836419754,420.0,0.22857142857142856,755.0,146875.4097,0,94,399,4,4
GVo5KEJ9iX9MKDxKGMx7eamcH58iZW3vUfkXrsdMPzv2,DUJJONCU,DUJJONCU,solana,30.0,24038.523556666667,20.97265606286667,-0.36666666666666664,821155.7067,122.0,672.0,0.5654761904761905,-867.8319776785713,702.0,0.042735042735042736,512.0,237972.6177,0,16,306,4,4
C3VLBJB2FhEb47s1WEgroyn3BnSYXaezqtBuu5WNmUGw,CPERr,Copper rStock,solana,483.0,1213.7279308488612,11.423566888107452,-0.34782608695652173,686230.5906,2764.0,513.0,-0.1267056530214425,-325.3280450292398,996.0,0.48493975903614456,2932.0,519337.3035,0,206,399,1,5
DEffWzJyaFRNyA4ogUox631hfHuv3KLeCcpBh2ipBAGS,x1xhlol,x1xhlol,solana,12.0,14270.046233333333,171.4527828675,-0.75,271240.5548,1893.0,450.0,-0.15555555555555556,-360.6036091111111,462.0,0.025974025974025976,1902.0,108968.9307,0,12,399,4,4
QNA8W7NNuS5CFzpmgE8ey72TWhcjwWa51syPMnMxfun,BTC,#BTC,solana,509.0,604.1811440078585,108.9664431615998,-0.029469548133595286,407528.2023,496.0,268.0,0.026119402985074626,-634.3666641791045,777.0,0.6550836550836551,516.0,237517.9363,0,290,399,1,5
EicWvteVi2fWepEzS3FYWsnuPoP6caZfjnKqNvydLjCH,LIT,Lighter,solana,20.0,5298.291555000001,3501.9496290969996,0.0,205965.8311,369.0,391.0,0.028132992327365727,-25.35558618925837,411.0,0.04866180048661801,382.0,196051.7969,0,20,399,4,4
G8oQ1Y4GkQbYtVmQKAQBVSm9sGp2s19vQoVkq9CEGCVC,GCVC,Game Centric,solana,116.0,7532.21234137931,169.87271647467242,0.0,973736.6316,14692.0,302.0,-0.013245033112582781,-843.8802854304632,418.0,0.27751196172248804,14693.0,718884.7854,0,97,399,4,4
FogoWVkKbu7K5TE23B7VvpuSNbjV2HKpBm8hNaVY6Rkg,wFOGO,Wrapped Fogo,solana,386.0,1108.096094611399,1225.6908573115206,0.0025906735751295338,527725.09252,586.0,21.0,-0.047619047619047616,-2566.0914723809497,407.0,0.9484029484029484,586.0,473837.1716,0,378,399,1,5
6Tk3uHQpLDtd4Qob5fduLjfhXxAasWgvdo8hYeswxMiL,MIL,Mil,solana,56.0,710692.0177446428,2668.6856464221482,0.03571428571428571,39898752.9937,2884.0,343.0,-0.052478134110787174,-23930.64302798833,399.0,0.14035087719298245,2888.0,31690542.4351,0,56,399,4,4
52Rh8epudA3qvLmyP1YCavRWrNV8As1JcW5xMU7mJEj9,CHRONO,Chrono,solana,18.0,29054.362694444444,249.1446990912778,0.0,622978.5285,1192.0,1484.0,0.0,-260.67808584905663,1502.0,0.011984021304926764,1192.0,236132.2491,0,18,399,4,4
CLWeikxiw8pC9JEtZt14fqDzYfXF7uVwLuvnJPkrE7av,PROOFV3,"Proof, QED",solana,288.0,473.5967180555556,171.2110727367214,-0.010416666666666666,236395.8548,480.0,157.0,0.0,-405.6869691324841,445.0,0.647191011235955,492.0,172703.0006462,0,260,399,1,5
7YBdmuEwgMjd7Ca5mGkHMPNofVseeGQqepYfAvSLpump,titcoin,titcoin,solana,580.0,345.13792862068965,266.30493889714876,-0.07931034482758621,300179.9986,1104.0,8.0,0.875,-3072.4545375000016,588.0,0.9863945578231292,1150.0,275600.3623,0,391,399,1,5
CDCSoLckzozyktpAp9FWT3w92KFJVEUxAU7cNu2Jn3aX,CDCSOL,Crypto.com Staked SOL,solana,1.0,9813603.5947,6.51488134,0.0,9913603.5947,139.0,6061.0,0.0075895066820656654,-707.9218839679919,6061.0,0.00016498927569707968,185.0,5622889.05597,0,0,29,4,4
G7vQWurMkMMm2dU3iZpXYFTHT9Biio4F4gZCrwFpKNwG,BIRB,Moonbirds,solana,5.0,31616026.723699998,16163.162868598,0.0,158180133.6185,16429.0,394.0,-2.0431472081218276,-68240.79648730965,399.0,0.012531328320802004,16429.0,131293259.8025,0,5,399,4,4
7GWNywR8Pp3Li9guL4HdpZyUjGzJvZHrHxHF574WKzBR,BGOLD,BLACKGOLD,solana,344.0,7585053.795244186,26.155020341741682,0.0,2609358505.564,0.0,33.0,0.0,-79069962.01754546,377.0,0.9124668435013262,0.0,49758.985,0,36,37,3,1
7C56WnJ94iEP7YeH2iKiYpvsS5zkcpP9rJBBEBoUGdzj,SLVr,Silver rStock,solana,295.0,622.3902105084746,29.187889135044074,-0.3016949152542373,283605.1121,3273.0,533.0,-0.14821763602251406,-53.76976679174491,828.0,0.35628019323671495,3362.0,254945.8264,0,165,399,1,5
8G5ayEsJF4Q7FEWEGeF4jtnUWZBEKCqhySTFQf9Ppump,HeavyPulp,HeavyPulp,solana,4.0,191327.783725,15669.449944055,0.0,865311.1349,4116.0,395.0,-1.09873417721519,-925.0631397468353,399.0,0.010025062656641603,4116.0,499911.1947,0,4,399,4,4
GJqCjtgEwqdFWVRsDs8JXKFoTeRVZeHs1RL4ccvrpump,OILINU,oil inu,solana,14.0,5202.141028571429,2723.2819013750004,0.0,172829.9744,850.0,366.0,-0.08196721311475409,-159.3772519125683,380.0,0.03684210526315789,878.0,114497.9002,19,33,399,4,4
5G5jDcs7NKbw9HuUt7FvLwCZeBqBvPxhXKsbMhZKmR5q,COPPERINU,copper inu,solana,32.0,590545.171578125,8.7343441559375,0.0,18997445.4905,0.0,939.0,0.0,-4.094580830670933,971.0,0.032955715756951595,0.0,18993600.6791,0,8,12,4,4
4SoQ8UkWfeDH47T56PA53CZCeW4KytYCiU65CwBWoJUt,MNT,Mantle,solana,1.0,3403855.9625,23.75489373,0.0,3503855.9625,183.0,1493.0,0.16008037508372405,-204.97091607501662,1493.0,0.0006697923643670462,427.0,3197834.3848,0,0,181,4,4
XsqE9cRRpzxcGKDXj1BJ7Xmg4GRhZoyY1KpmGSxAWT2,MCDx,McDonald's xStock,solana,8.0,2102598.7918,113.08318787487501,0.0,16920790.3344,1208.0,471.0,0.0,-2266.2979917197417,479.0,0.016701461377870562,1208.0,15853363.9803,0,7,399,4,4
Bybit2vBJGhPF52GBdNaQfUJ6ZpThSgHBobjWZpLPb4B,bbSOL,BybitSOL,solana,703.0,157991.4717197724,0.4324414420270555,0.0,111168004.619,11600.0,509.0,0.0,-36432.94524518665,1212.0,0.58003300330033,11600.0,92623635.4892,0,219,399,1,5
FRAGMEWj2z65qM62zqKhNtwNFskdfKs4ekDUDX3b4VD5,FRAG,Fragmetric,solana,969.0,2315.774973993808,20.5072407758807,0.0,2343985.9498,18201.0,501.0,0.0,-1071.957758682635,1470.0,0.6591836734693878,18201.0,1806935.1127,0,284,399,1,5
BQcdHdAQW1hczDbBi9hiegXAR7A98Q9jx3X3iBBBDiq4,wUSDT,Wrapped USDT (Sollet),solana,502.0,836108.0835306772,0.013052363579681276,0.0,419826257.9324,3597.0,3182.0,0.0,-66537.62083048397,3684.0,0.13626492942453855,3597.0,208103548.4498,0,26,159,4,4
7ZCm8WBN9aLa3o47SoYctU6iLdj7wkGG5SV2hE5CgtD5,ELON,Dogelon (Wormhole),solana,1.0,346813.1092,7.87398003,0.0,446813.1092,9150.0,409.0,0.0,-86.02074987775063,409.0,0.0024449877750611247,9150.0,411630.6225,0,0,399,4,4
Dm5BxyMetG3Aq5PaG1BrG7rBYqEMtnkjvPNMExfacVk7,ATH,Aethir Token,solana,414.0,2485240.1495727054,3404.7714789532915,0.04106280193236715,1028989421.9231,400.0,816.0,0.18259803921568626,-1260366.1804140932,1230.0,0.33658536585365856,549.0,530618.7052,0,397,398,3,1
4qQeZ5LwSz6HuupUu8jCtgXyW1mYQcNbFAW1sWZp89HL,Cake,PancakeSwap Token,solana,345.0,2004.031132463768,0.39555109706637676,0.9246376811594202,791390.7407,1117.0,2226.0,0.5116801437556154,-205.87318158131174,2571.0,0.13418903150525088,2256.0,333117.0385,0,97,399,4,4
8f62NyJGo7He5uWeveTA2JJQf4xzf8aqxkmzxRQ3mxfU,FIGHT,Fight,solana,42.0,805453.6744380952,4234.001757496119,-0.7142857142857143,33929054.3264,6653.0,357.0,-0.30532212885154064,-21821.484775350134,399.0,0.10526315789473684,6683.0,26138784.2616,0,42,399,4,4
D6xWgRCSHoMEB5fqPwk3p6Stxirn5ytm2WwboSTTx4oE,PYBOBO,Capybobo,solana,104.0,1133363.1910826922,2.3227596345288464,1.1153846153846154,117969771.8726,126.0,19.0,0.10526315789473684,-5390123.299157895,123.0,0.8455284552845529,132.0,15557429.1886,0,27,31,0,3
F35yYmTR6PqkbTx449P1eGhB57mRhWAdYs93eCo2dMZR,pbUSDC,PiggyBank USDC,solana,1160.0,2592.4033671551724,232.09703055327586,0.15172413793103448,3107187.9059,727.0,162.0,0.47530864197530864,-125.31340370370351,1322.0,0.8774583963691377,804.0,3086887.1345,0,345,399,1,5
2LYTMGch89RabgQsCnzgMRiFLuzXi8rrnYqQRnZMe7mx,GOLDINU,GOLDINU,solana,110.0,1916.0239718181817,513.7224791179746,0.5818181818181818,310762.6369,395.0,670.0,0.06865671641791045,-194.731377761194,780.0,0.14102564102564102,441.0,180292.6138,0,81,399,4,4
9F6VbPeM8xR9Nkntyjp5nPY52w9YG9331bLuyhe3pump,AKA,Akasha,solana,789.0,660.7113034220532,54.82700524686135,-0.011406844106463879,621301.2184,315.0,497.0,-0.004024144869215292,-667.2456404426559,1286.0,0.6135303265940902,324.0,289680.1351,0,285,399,1,5
3B1ijcocM5EDga6XxQ7JLW7weocQPWWjuhBYG8Vepump,BP,Barking Puppy,solana,8.0,531100.74435,7279.685295650001,0.0,4348805.9548,7130.0,391.0,-0.27365728900255754,-5177.416336572891,399.0,0.020050125313283207,7208.0,2324436.1672,0,8,399,4,4
H5tAm75SE7V7VsovGBSQ9CcybYBgzH8SksD7f4YYe6Z3,WWB,Wowbit,solana,62.0,123511.65161290324,176.00120691466776,-0.0967741935483871,7757722.4,1620.0,499.0,-0.008016032064128256,-5508.034869739479,561.0,0.11051693404634581,1626.0,5009213.0,0,46,399,4,4
2PzS5SYYWjUFvzXNFaMmRkpjkxGX6R5v8DnKYtdcpump,OPAL,Opal,solana,4.0,117979.02987500001,368.547833135,0.0,571916.1195,2293.0,439.0,-0.0888382687927107,-455.1884820045559,443.0,0.009029345372460496,2312.0,372088.3759,0,2,399,4,4
9aPiyURKmEaUGRdbioxEapCggcnncU1p6dLNPRgvEdtw,PENGUIN,Nietzschean Penguin,solana,238.0,555279.1750920168,4.36667818907563,0.0,132256443.6719,0.0,590.0,0.0,-506.40209627118656,828.0,0.28743961352657005,0.0,131957666.4351,0,2,15,4,4
GF8ysB8rF9WjhrK5uVhRReubJtWpPzbztB7gVfAgsurg,YONA,YONA,solana,6.0,122886.40753333333,897.3499843023316,0.0,837318.4452,1213.0,358.0,-0.1787709497206704,-1639.6025312849158,364.0,0.016483516483516484,1213.0,250340.739,0,6,217,4,4
6QztfmSoxygymjzKwGHiWBcVEUxJEkXVQedKycYyyQHS,CYLA,CYLA,solana,75.0,5662765.045372,5563.505863001399,2.453333333333333,424807378.4029,201.0,1.0,0.0,-349294445.35227996,76.0,0.9868421052631579,201.0,75512933.05062,0,63,64,0,3
2CgutEvhCpiQLXA54R28izTA7bCUkmicNcgcPU9wthDn,PENGUIN,Nietzschean Penguin,solana,21.0,3756891.1957761906,68.38498423804761,0.0,78994715.1113,1.0,1491.0,0.7310529845741114,-37559.14304594233,1512.0,0.013888888888888888,1100.0,22994032.8298,0,9,39,3,1
DK9nBUMfdu4XprPRWeh8f6KnQiGWD8Z4xz3yzs9gpump,GOLD,Gold,solana,362.0,779.3269113259669,205.6511619132928,-0.027624309392265192,382116.3419,1500.0,304.0,0.0,-424.84360394736836,666.0,0.5435435435435435,1525.0,252963.8863,0,223,399,1,5
BK7HWWSWPemAoHvwj7nzBqqR6tj4C7FxdEGcwsDpsurg,EFM,ECLIPSE,solana,18.0,8774.910361111111,4104.902931860555,0.0,257948.3865,1337.0,443.0,0.0,-128.39772279909707,461.0,0.039045553145336226,1341.0,201068.1953,0,18,399,4,4
USoRyaQjch6E18nCdDvWoRgTo6osQs9MUd8JXEsspWR,USOR,U.S Oil,solana,253.0,20769.162829249013,2513.223447814695,-4.683794466403162,5354598.1958,101826.0,147.0,-3.4081632653061225,-11865.291237414967,400.0,0.6325,103011.0,3610400.3839,0,252,399,1,5
Ckit5s1Cpc3RdMh1HrhfW2nAy4PnkkgjXgXMeykbpump,XONA,XONA AGENT,solana,16.0,7003.881600000001,253.05628284050002,0.5,212062.1056,397.0,448.0,0.015625,-220.2629814732143,464.0,0.034482758620689655,422.0,113384.2899,0,11,399,4,4
Dob5TVKdisbwk1QSppADF8knxHtLR6DovxHGqaocpump,PRICH,PRE-RICH,solana,83.0,2601.666886746988,443.25493817320483,-0.0963855421686747,315938.3516,466.0,498.0,-0.006024096385542169,-415.9604409437751,581.0,0.14285714285714285,481.0,108790.05201,0,69,399,4,4
AWc8uws9nh7pYjFQ8FzxavmP8WTUPwmQZAvK2yAPBAGS,ZHC,ZERO-HUMAN COMPANY,solana,35.0,8797.695399999999,424.63344289914284,-0.2,407919.339,1900.0,530.0,-0.1792452830188679,-436.4469150943396,565.0,0.061946902654867256,1907.0,176602.474,0,28,399,4,4
65zo375KBFpE57zw414ihhxm8v8Fg4MAsh1G7ozHnLyd,MONOPOLY,MONOPOLY,solana,7.0,1531760.8173857143,3435.8279119254285,717.7142857142857,10822325.7217,5025.0,1.0,0.0,-10443943.5267,8.0,0.875,5025.0,378382.195,0,7,8,5,6
srfmZPrbDkk9ZYvA6a9PTnzcJ7zXBnundX1PF8FT1ma,SRF,SRF,solana,8.0,3631.8305375,4.613399875000001,0.5,129054.6443,606.0,742.0,0.0026954177897574125,-14.04754541778975,750.0,0.010666666666666666,621.0,118631.3656,0,4,399,4,4
3rG6XzEzXpj6jgckmRP3QmgpsKtWabkusk2V59pDtatC,ABPX,ABPI MALL,solana,195.0,5753007.553072308,5.947015009779487,2.917948717948718,1121936472.8491,6043.0,813.0,0.007380073800738007,-1187890.7461607629,1008.0,0.19345238095238096,6067.0,156181296.2204,0,109,395,3,1
DiqGMFitC5pfxx4tDoxHEn9qf3cRLg5C8cTUeniA33qZ,SKR,Seeker,solana,778.0,29500.952512532134,3.525131457583547,0.5475578406169666,23051741.05475,427.0,286.0,-0.0034965034965034965,-16.978805419578627,1064.0,0.731203007518797,427.0,23046885.1164,0,16,19,1,5
58QMXLFcffLojxYHHpjcDGdxEbr2BhrERHbdd855CUQD,USⅮΤ,Τeth℮r,solana,2.0,1347725618.5,795.9655279899999,0.0,2695551237.0,1.0,801.0,1.4681647940074907,-2997849.4719101125,803.0,0.0024906600249066002,1177.0,294273810.0,0,1,19,3,1
4rcN9Zpx6sAba39S722CwrVoA9BDmVZ5KdQDdVsSpump,WHALLY,WHALLY,solana,57.0,1120.7834807017541,421.93829765112804,0.17543859649122806,163884.6584,499.0,6.0,1.1666666666666667,-852.8913499999957,63.0,0.9047619047619048,506.0,158767.3103,337,393,399,1,5
5JkQBPrYdRK7JsC39KPPbZi7r6uLx3ZuL7jjMf4zN4c,UCF,UCF Finance,solana,2070.0,1071659.573511546,0.671035723903285,0.0,2218435317.1689,497.0,2.0,0.0,-1109078955.556995,2072.0,0.999034749034749,497.0,277406.05491,0,262,263,3,1
9XeizW4yMfUqfGmqF3niSL9zkWwGJQ8EY9EQopWQmM7S,X,X,solana,178.0,772.9652303370785,784.98818035035,-0.20224719101123595,237587.811,1793.0,306.0,0.00980392156862745,-205.13068529411757,484.0,0.3677685950413223,1829.0,174817.8213,0,142,399,1,5
CHdEG9MWBVT1aveiFSMMUDWvo3D42EBdHxT9q9BNZWLu,kUSDC-USDT,Kamino USDC-USDT (Orca),solana,1.0,847667.7498,2.99431,0.0,947667.7498,4750.0,2.0,0.0,-356734.79015,2.0,0.5,4750.0,234198.1695,0,0,1,0,3
9WXoRk3hGUQD5ymKwFei1CR9Pa5aU6tti6YuL1Snpump,MAFIA,MOD Mafia,solana,267.0,1398.7213573033707,93.84149641215282,0.09363295880149813,473458.6024,211.0,245.0,0.6857142857142857,-1365.5431685714284,512.0,0.521484375,379.0,138900.5261,0,172,317,1,5
EvCb1TSEFZLp75QDwxAGikoLPrZ9B9v47QxqFfkapump,PUMP,The Green Candle,solana,35.0,224507.22286857144,55790.12105198418,0.0,7957752.8004,0.0,3.0,0.0,-2236512.340633333,38.0,0.9210526315789473,0.0,1248215.7785,0,35,38,0,3
ErMLrdGn1TQwvyfMC2Xbm5WjAMz82LRHUa2KMT5iUjpM,USⅮΤ,Τеthеr,solana,27.0,3339904250.5912037,103.67297462925926,0.4444444444444444,90177514765.9625,13.0,394.0,1.3248730964467006,-493244.8856825853,421.0,0.06413301662707839,535.0,89983176281.00356,0,4,11,3,1
4e2DhohUAJ9EbrLey3rVVgFQzLCAeeBirSbdhqrh9snX,MISAKA,Misaka,solana,196.0,1020.4921163265307,306.9881694190653,0.14285714285714285,300016.4548,1057.0,263.0,-0.19771863117870722,-467.8558,459.0,0.42701525054466233,1057.0,176970.3794,0,181,399,1,5
ES98yyT1oRyhXeHTV4eMNWwa6utDRY57NjvjLJpMvX6B,ՍSDT,Tether      ,solana,89.0,3849675214.4019685,9949.033384942812,5.707865168539326,342621194081.7752,509.0,2430.0,0.06131687242798354,-110829060.19680531,2519.0,0.03533148074632791,658.0,73306577803.5383,0,18,134,3,1
9DPToU6fkfE49vM7LqjjtK6BFfKKuAVrQDaKAnwXSDy9,PRIZE,Prize Protocol,solana,70.0,1187125.4470385714,3617.3119287584855,5.871428571428571,83198781.2927,1150.0,349.0,-1.148997134670487,-31150.254375071614,419.0,0.16706443914081145,2951.0,72327342.5158,0,64,399,4,4
4RJ7sSAbTjfVAja4gnQ1NbuXDSr4XB17L5CAtxfzpump,FUND,FUND,solana,348.0,1454.203813218391,297.51390068837003,0.4051724137931034,606062.927,211.0,570.0,0.22982456140350876,-626.1324550877193,918.0,0.3790849673202614,352.0,249167.4276,12,219,399,1,5
EJZJpNa4tDZ3kYdcRZgaAtaKm3fLJ5akmyPkCaKmfWvd,LOUD,Loud,solana,61.0,15745.644398360655,21.187355323667212,0.0,1060484.3083,4506.0,1070.0,0.0,-694.9704305607476,1131.0,0.053934571175950484,4506.0,316865.9476,0,21,314,4,4
GJEkBBKsiT3Dx7nrtMMgzP92HUX9HiJ3Fe1R7zjZugpx,TRUMP,TRUMP,solana,6.0,693015368.3333334,95.83534502666667,0.0,4158192210.0,0.0,539.0,0.0,-7694120.680890538,545.0,0.011009174311926606,0.0,11061163.0,0,3,7,3,1
867Aw4LPVhMseZHupzrK1RpV46x6XAYH4BJjciKZB53d,SOL,Solana,solana,1.0,64668569201.9,4.22454311,0.0,64668669201.9,0.0,649.0,0.0,-25367934.538879514,649.0,0.0015408320493066256,0.0,48204879686.1672,0,0,9,3,1
fRfKGCriduzDwSudCwpL7ySCEiboNuryhZDVJtr1a1C,DUPE,Dupe,solana,507.0,20966.867693885604,685.3737501820799,0.0,10730201.9208,8208.0,129.0,0.0,-2125.377686821704,636.0,0.7971698113207547,8208.0,10456028.1992,0,348,399,1,5
8i6MEfc8eFNcvns7WgW3JRxFWaXumzXFeDWff4ewVdY2,GAJAE,GAJAE,solana,140.0,1943.5047221428574,22797.0644275515,4.214285714285714,372090.6611,662.0,1.0,0.0,0.0,140.0,1.0,785.0,372090.6611,129,269,269,1,5
5552z6Qp2xr596ox1UVN4ppDwwyjCfY8cXwzHMXgMcaS,MOLTING,Molting,solana,772.0,466.8748060880829,207.71647684865283,0.0025906735751295338,460427.3503,165.0,13.0,27.615384615384617,-7489.754607692307,785.0,0.9834394904458599,524.0,363060.5404,0,386,399,1,5
CxoaKHTGYAUkHwzK5dazVYuG3vvEXExrGznMwX1ipump,OPENCLAW,OpenClaw,solana,9.0,22018.662144444443,1511.3257588988888,0.2222222222222222,298167.9593,5984.0,405.0,-0.5728395061728395,-422.63756246913573,414.0,0.021739130434782608,5984.0,126999.7465,0,9,399,4,4
3JjfgaXzhN6xr6WYJ4wBVoS19etj3ChLWaKz6TBXbonk,DARKHORSE,Dark Horse,solana,97.0,14321.181897938144,1052.724137460803,-2.1443298969072164,1489154.6441,2044.0,305.0,-0.013114754098360656,-3442.603338688524,402.0,0.24129353233830847,2252.0,439160.6258,0,93,394,4,4
91D9BXEGYsqjPGWNmzhSesvnz76L8nz4pSTY4FY6surg,OIL,OLIO,solana,44.0,2744.1221954545454,3373.0222481781148,0.11363636363636363,220741.3766,4690.0,481.0,-0.08316008316008316,-235.42363388773387,525.0,0.0838095238095238,4693.0,107502.6087,0,44,399,4,4
9HHrikqNLYvfXzxtNV8pvPLrWbDGG4mZkVpaKBcvgLyu,buddy,Buddy,solana,135.0,3238.4797903703707,1921.884508070229,-0.14074074074074075,537194.7717,689.0,267.0,-0.19101123595505617,-1038.8929235955059,402.0,0.3358208955223881,718.0,259810.3611,0,134,399,1,5
DKYLdVgiGoYM1rqpts8cw2eFC1FiLrBgPAG4ZXRtWoEH,DAR,Daurum,solana,67.0,103078411.83721851,2.4866913095970147,2.074626865671642,6906353593.09364,1622.0,797.0,0.6235884567126725,-1440659.8229006776,864.0,0.0775462962962963,2119.0,5758147714.2418,0,30,399,3,1
LFNTYraetVioAPnGJht4yNg2aUZFXR776cMeN9VMjXp,LFNTY,Lifinity,solana,350.0,127533.24787457143,150.37292387682857,0.0,44736636.7561,2317.0,1351.0,0.0,-624.4022643227244,1701.0,0.205761316872428,2317.0,43893069.297,0,109,399,4,4
AokhNs2X4TLvgE49QhQikkrUPQQKPkhzCVvFnzeTtVh3,NFG,NFG,solana,15.0,27064959.673333336,105.116834398,37.6,406074395.1,565.0,1620.0,-0.0012345679012345679,-80787.8616666667,1635.0,0.009174311926605505,565.0,275198059.2,0,15,348,3,1
XsueG8BtpquVJX9LVLLEGuViXUungE6WmK5YZ3p3bd1,CRCLx,Circle xStock,solana,1.0,72668434.4193,19685.2184442,0.0,72768434.4193,7845.0,399.0,0.0,-51658.61323508773,399.0,0.002506265664160401,7845.0,52156647.7385,0,0,399,4,4
XsDoVfqeBukxuZHWhdvWHBhgEHjGNst4MLodqsJHzoB,TSLAx,Tesla xStock,solana,98.0,628992.6784846939,49183.24069727818,0.0,61741282.4915,17970.0,301.0,0.0,-22800.133593355476,399.0,0.24561403508771928,17970.0,54878442.2799,0,98,399,4,4
XsoCS1TfEyfFhfvj8EtZ528L3CaKBDBRqRapnBbDF2W,SPYx,SP500 xStock,solana,51.0,686827.0669509803,108388.09918643175,0.0,35128180.4145,11104.0,349.0,0.0,-643.0597060171829,400.0,0.1275,11104.0,34903752.5771,0,51,399,4,4
DLVYnnnCszM9jBhtesSgctr5aowBTDyhm4ZdA5gUcRrz,USⅮΤ,Τeth℮r,solana,629.0,36295808.93590604,635.9596390920169,0.5405405405405406,22830163820.6849,341.0,1463.0,0.6753246753246753,-2410851.297761053,2092.0,0.30066921606118546,1329.0,19303088372.06048,0,115,137,3,1
Xs8S1uUs1zvS2p7iwtsG3b6fkhpvmwz4GYU3gWAmWHZ,QQQx,Nasdaq xStock,solana,50.0,691464.3613194,33847.7951521856,0.0,34673218.06597,2455.0,349.0,0.0,-1309.9915206876815,399.0,0.12531328320802004,2455.0,34216031.02525,0,50,399,4,4
TSPXcLV76s6V2zDiZQ18kBfcbnjaE2ZzNT3ga2Pd99v,tSpaceX,T-SpaceX,solana,193.0,3335.0365172538864,25104.9349783697,0.06217616580310881,743662.04783,385.0,216.0,0.0,-61.21003300925939,409.0,0.4718826405867971,386.0,730440.6807,0,186,399,1,5
9UcBymXhbFjB7j8LJcMYp2NynamKcWJgy5XuUqBLmoon,USRX,United States RX,solana,22.0,13049.99184090909,1087.2132819536364,0.9545454545454546,387099.8205,2397.0,1076.0,-0.06133828996282528,-248.07224654275092,1098.0,0.020036429872495445,2417.0,120174.08322,0,22,399,4,4
AymATz4TCL9sWNEEV9Kvyz45CHVhDZ6kUgjTJPzLpU9P,XAUt0,Tether Gold,solana,274.0,61438.83204379562,118312.00399103382,0.8905109489051095,16934239.98,4048.0,125.0,2.184,-4225.1778640000075,399.0,0.6867167919799498,4327.0,16406092.747,0,274,399,1,5
KVAiNjgNza7Kw8KmQ6TBFcYDfBfKwcUBrLmsG3vNYXN,KVAI,Kvants AI,solana,5.0,1363230.8804199998,347.431219996,0.0,6916154.4021,423.0,931.0,0.02685284640171858,-4696.167251127819,936.0,0.005341880341880342,454.0,2544022.6913,0,5,399,4,4
PreC1KtJ1sBPPqaeeqL6Qb15GTLCYVvyYEwxhdfTwfx,XAI,xAI PreStocks,solana,635.0,1609.3870477165356,61.1036874931244,-0.11338582677165354,1121960.7753,1578.0,228.0,-0.06140350877192982,-615.1114333333338,863.0,0.7358053302433372,1650.0,981715.3685,0,376,399,1,5
Xsv9hRk1z5ystj9MhnA7Lq4vjSsLwzL2nxrwmwtD3re,GLDx,Gold xStock,solana,279.0,75529.11629928317,6135.70202847811,0.0,21172623.4475,2699.0,132.0,0.0,-4034.109029924243,411.0,0.6788321167883211,2699.0,20640121.05555,0,269,399,1,5
6ymxqmDH8HPgheJMhLYdrM9exvwZz8dsR5DJBvnXpump,PP+,Official PP+ ,solana,148.0,2140.6893283783784,231.96936118776964,6.864864864864865,416822.0206,1194.0,1083.0,-0.02123730378578024,-210.71846731301937,1231.0,0.12022745735174654,1195.0,188613.9205,0,81,399,4,4
71mfKdePwyWXtiF1mqu2aaCdMKnKuN664z2vEM2Xpump,LIQUID,Meme Liquid,solana,354.0,1531.0011127118644,995.7975752249492,-0.2994350282485876,641974.3939,2821.0,60.0,0.38333333333333336,-4828.200643333334,414.0,0.855072463768116,2927.0,352282.3553,0,339,399,1,5
GQz5ThKHNcuAvMKA8rCPSdoFUoApk9Fi8qB9m3Gqpump,SAN,San Chan,solana,12.0,121045.2611,537.6824317935833,-0.08333333333333333,1552543.1332,677.0,664.0,0.0015060240963855422,-1083.8873781626505,676.0,0.01775147928994083,687.0,832841.9141,0,8,399,4,4
GXkvduehN2JYywC3Rnn6Yxy2QnWNrzFmskcVzWuPyY5e,IN,INSIDER,solana,7.0,149881037.31408572,6650.7514096092855,0.0,1049267261.1986,1.0,1.0,0.0,-1049034181.2360001,8.0,0.875,1.0,233079.9626,0,7,8,0,3
a11bdAAuV8iB2fu7X6AxAvDTo1QZ8FXB3kk5eecdasp,ABR,Allbridge,solana,533.0,12407.131163977487,6.195945810448405,0.0,6713000.9104,1161.0,1917.0,0.0,-934.4193058424626,2450.0,0.21755102040816326,1161.0,4921719.1011,0,73,399,4,4
PAYZP1W3UmdEsNLJwmH61TNqACYJTvhXy8SCN4Tmeta,PAYS,Paystream,solana,749.0,1962.506396528705,94.99045860561283,-0.1802403204272363,1569917.291,652.0,1030.0,-0.070873786407767,-79.31189714563102,1779.0,0.4210230466554244,787.0,1488226.03694,0,175,399,1,5
EjmyN6qEC1Tf1JxiG1ae7UTJhUxSwk1TCWNWqxWV4J6o,DAI,Dai Stablecoin (Wormhole),solana,1870.0,221.31730304812834,0.14759001169122998,0.0,513863.3567,509.0,352.0,0.0,-64.0581676136363,2222.0,0.8415841584158416,509.0,491314.8817,0,328,399,1,5
3o2ySLzzvf94VwGnqhNqxHx3Bq4NNimTVr9UKuksTHRT,THRT,Threat Research & History Trail,solana,83.0,4630.960842168674,333.71486618018196,-0.04819277108433735,484369.7499,383.0,477.0,-0.0020964360587002098,-439.9335983228512,560.0,0.14821428571428572,390.0,274521.4235,0,67,399,4,4
